Feature,Quality_Score,Missing_Penalty,Variance
PATNO,10.0,0.0,25340137392.534115
COHORT,10.0,0.0,0.12986533181184792
ENRLLRRK2,10.0,0.0,0.08412132010468229
ENRLGBA,10.0,0.0,0.03923145933639721
ENRLSNCA,10.0,0.0,0.018724401321749785
ENROLL_AGE,10.0,0.0,102.48587198563837
AV133STDY,9.438309475119292,0.07021131561008861,0.017994712591693746
TAUSTDY,9.421949556918882,0.07225630538513975,0.01018198768691117
GAITSTDY,9.421949556918882,0.07225630538513975,0.04945212918889562
ENRLPINK1,9.421949556918882,0.07225630538513975,0.002199672172896176
ENRLOTHGV,9.421949556918882,0.07225630538513975,0.0036607209946578484
ENRLPRKN,9.421949556918882,0.07225630538513975,0.010901173581436871
ENRLSRDC,9.421949556918882,0.07225630538513975,0.24635572435346834
ENRLNORM,9.421949556918882,0.07225630538513975,0.11746702943919789
DPASTDY,9.421949556918882,0.07225630538513975,0.015905238799503084
MNISTDY,9.421949556918882,0.07225630538513975,0.002199672172896176
MDGSTDY,9.421949556918882,0.07225630538513975,0.0029307365131272575
SV2ASTDY,9.421949556918882,0.07225630538513975,0.008017950851131129
DPPDSTDY,9.421949556918882,0.07225630538513975,0.006569860333775326
NXTAUSTDY,9.421949556918882,0.07225630538513975,0.010901173581436871
FD4STDY,9.421949556918882,0.07225630538513975,0.005117450381617566
ENRLHPSM,8.0,0.0,0.0
ENRLRBD,8.0,0.0,0.0
DPPROSTDY,7.421949556918882,0.07225630538513975,0.0
PISTDY,7.421949556918882,0.07225630538513975,0.0
DPDPASTDY,7.421949556918882,0.07225630538513975,0.0
GAITLEAPSTDY,7.421949556918882,0.07225630538513975,0.0
SCREENEDAM,7.387866394001364,0.3265167007498296,0.6244425257638652
Age_AGE_AT_VISIT,7.230629402408543,0.3461713246989321,100.72048878202659
MDS_NP2SPCH,7.118836628039082,0.36014542149511475,0.6667307082041781
MDS-U_NP1FATG,7.118836628039082,0.36014542149511475,0.7765947383397104
MDS-U_NP1CNST,7.118836628039082,0.36014542149511475,0.6570804273421482
MDS-U_NP1SLPN,7.118836628039082,0.36014542149511475,1.267560277875317
MDS_NUPSOURC,7.118836628039082,0.36014542149511475,0.17467920581682567
MDS-U_NP1URIN,7.118836628039082,0.36014542149511475,0.8158272274725141
MDS-U_NP1SLPD,7.118836628039082,0.36014542149511475,0.7338008334039652
MDS-U_NP1LTHD,7.118836628039082,0.36014542149511475,0.46067827524378036
MDS-U_NP1PAIN,7.117927743694615,0.36025903203817317,0.8810673469909185
MDS_NP2SALV,7.117927743694615,0.36025903203817317,0.9877839402722748
NP1PTOT,7.117927743694615,0.36025903203817317,14.966173740707761
MDS-U_NP1COG,7.117018859350148,0.36037264258123153,0.4094013587969179
MDS_NP2FREZ,7.117018859350148,0.36037264258123153,0.2630863326083177
MDS-U_NP1DPRS,7.117018859350148,0.36037264258123153,0.4696492125433913
MDS-U_NP1HALL,7.117018859350148,0.36037264258123153,0.0969226225392671
MDS-U_NUPSOURC,7.117018859350148,0.36037264258123153,0.2585798865113327
MDS-U_NP1APAT,7.117018859350148,0.36037264258123153,0.4084589857080515
MDS-U_NP1ANXS,7.117018859350148,0.36037264258123153,0.5656307241710413
MDS_NP2HYGN,7.117018859350148,0.36037264258123153,0.2791095465722895
MDS_NP2SWAL,7.117018859350148,0.36037264258123153,0.28984524760288877
MDS_NP2WALK,7.117018859350148,0.36037264258123153,0.5320336168288616
MDS_NP2HWRT,7.117018859350148,0.36037264258123153,1.0614450288675712
MDS-U_NP1DDS,7.11610997500568,0.36048625312428995,19.958739093911962
MDS_NP2RISE,7.11610997500568,0.36048625312428995,0.5301999254293212
MDS_NP2EAT,7.11610997500568,0.36048625312428995,0.4013809085678376
MDS_NP2TRMR,7.11610997500568,0.36048625312428995,0.6701457688841784
MDS_NP2HOBB,7.11610997500568,0.36048625312428995,0.6550344741031032
MDS_NP2TURN,7.11610997500568,0.36048625312428995,0.4148242746877748
MDS_NP2DRES,7.1152010906612135,0.3605998636673483,0.46258953146122944
NP2PTOT,7.113383321972279,0.36082708475346514,36.75877337757238
NP1RTOT,7.106112247216542,0.36173596909793226,4.570567321789818
REM_DRMVIVID,7.106112247216542,0.36173596909793226,0.24640273167588117
REM_DRMAGRAC,7.105203362872075,0.3618495796409907,0.1845380476544799
REM_MVAWAKEN,7.105203362872075,0.3618495796409907,0.16576731858465885
REM_PTCGBOTH,7.105203362872075,0.3618495796409907,0.19154706636903537
REM_NARCLPSY,7.104294478527607,0.3619631901840491,0.006370299335570931
REM_RLS,7.104294478527607,0.3619631901840491,0.0716208365362417
REM_PARKISM,7.104294478527607,0.3619631901840491,0.23040311614443407
REM_EPILEPSY,7.104294478527607,0.3619631901840491,0.005314290933168937
REM_DEPRS,7.104294478527607,0.3619631901840491,0.14523255017466952
REM_DRMVERBL,7.104294478527607,0.3619631901840491,0.21756690590172337
REM_HETRA,7.104294478527607,0.3619631901840491,0.0866359441159085
REM_SLPDSTRB,7.104294478527607,0.3619631901840491,0.22057472226661898
REM_DRMREMEM,7.104294478527607,0.3619631901840491,0.23542400798634106
REM_STROKE,7.104294478527607,0.3619631901840491,0.013178699454300525
REM_BRNINFM,7.104294478527607,0.3619631901840491,0.00425599926935635
Epwor_ESS7,7.10338559418314,0.36207680072710746,0.6531948338034193
Epwor_ESS4,7.10338559418314,0.36207680072710746,0.8156613300738739
Epwor_ESS2,7.10338559418314,0.36207680072710746,0.7916850793763588
REM_SLPLMBMV,7.10338559418314,0.36207680072710746,0.20424875985840008
REM_DRMOBJFL,7.10338559418314,0.36207680072710746,0.06479742635524154
Epwor_ESS1,7.10338559418314,0.36207680072710746,0.7837776123233451
REM_SLPINJUR,7.10338559418314,0.36207680072710746,0.10901013589927992
REM_DRMUMV,7.10338559418314,0.36207680072710746,0.10672675898347248
Epwor_PTCGBOTH,7.1024767098386725,0.3621904112701659,0.16370605389506562
REM_DRMFIGHT,7.1024767098386725,0.3621904112701659,0.19152079715196238
Epwor_ESS3,7.1024767098386725,0.3621904112701659,0.4627176618277168
Epwor_ESS6,7.1024767098386725,0.3621904112701659,0.12822376371813843
Epwor_ESS5,7.1024767098386725,0.3621904112701659,1.0243161026704573
Epwor_ESS8,7.100658941149739,0.36241763235628266,0.14533398592241872
SCOPA_PTCGBOTH,7.097932288116337,0.36275846398545786,0.16100626947368313
SCOPA_SCAU5,7.09702340377187,0.3628720745285162,0.7399731128834017
SCOPA_SCAU4,7.09702340377187,0.3628720745285162,0.41694490685298363
SCOPA_SCAU2,7.09702340377187,0.3628720745285162,0.4105180006039933
SCOPA_SCAU3,7.09702340377187,0.3628720745285162,0.2146232025537672
SCOPA_SCAU6,7.09702340377187,0.3628720745285162,0.7105763963783807
REM_DRMNOCTB,7.09702340377187,0.3628720745285162,0.19276940608425325
SCOPA_SCAU1,7.0961145194274025,0.36298568507157464,0.29568723057240576
SCOPA_SCAU12,7.095205635082936,0.36309929561463306,0.8341380443980787
SCOPA_SCAU13,7.095205635082936,0.36309929561463306,1.0192781532975852
SCOPA_SCAU11,7.095205635082936,0.36309929561463306,0.7858748257171891
SCOPA_SCAU10,7.095205635082936,0.36309929561463306,0.7131361740304369
REM_CNSOTH,7.094296750738469,0.3632129061576914,0.04229602787864664
SCOPA_SCAU14,7.094296750738469,0.3632129061576914,0.3360899344867085
SCOPA_SCAU18,7.094296750738469,0.3632129061576914,0.35596225711085683
SCOPA_SCAU17,7.094296750738469,0.3632129061576914,0.39749942853358855
SCOPA_SCAU16,7.094296750738469,0.3632129061576914,0.03506237738941409
SCOPA_SCAU15,7.094296750738469,0.3632129061576914,0.21529110403490304
SCOPA_SCAU19,7.094296750738469,0.3632129061576914,0.512622435484785
SCOPA_SCAU9,7.094296750738469,0.3632129061576914,0.5475868835883125
SCOPA_SCAU8,7.094296750738469,0.3632129061576914,0.734200752489142
SCOPA_SCAU20,7.093387866394002,0.36332651670074984,0.5823450601244388
Geria_GDSHLPLS,7.092478982049534,0.36344012724380825,0.07715787998766152
Geria_GDSMEMRY,7.092478982049534,0.36344012724380825,0.17609751954297448
Geria_GDSAFRAD,7.092478982049534,0.36344012724380825,0.13216991229070107
Geria_GDSSATIS,7.092478982049534,0.36344012724380825,0.07789924597312745
Geria_GDSDROPD,7.092478982049534,0.36344012724380825,0.1458432880381124
Geria_GDSHAPPY,7.091570097705067,0.3635537377868666,0.10989622205602724
SCOPA_SCAU26C,7.091570097705067,0.3635537377868666,0.22164352504758136
Geria_GDSWRTLS,7.091570097705067,0.3635537377868666,0.05827209541622502
SCOPA_SCAU21,7.091570097705067,0.3635537377868666,0.49823525673521474
Geria_GDSHOME,7.091570097705067,0.3635537377868666,0.21524105611527902
Geria_GDSEMPTY,7.091570097705067,0.3635537377868666,0.05623406107480297
Geria_GDSENRGY,7.091570097705067,0.3635537377868666,0.2489889504991618
Geria_GDSBORED,7.091570097705067,0.3635537377868666,0.11636931641408199
Geria_GDSGSPIR,7.091570097705067,0.3635537377868666,0.08436809461971301
Geria_GDSALIVE,7.091570097705067,0.3635537377868666,0.08393181688815833
Geria_GDSHOPLS,7.091570097705067,0.3635537377868666,0.0620063191908468
Geria_GDSBETER,7.091570097705067,0.3635537377868666,0.08941561348412755
SCOPA_SCAU7,7.090661213360599,0.36366734832992503,0.07482209809472798
SCOPA_SCAU26B,7.089752329016132,0.3637809588729834,0.11206082718852854
SCOPA_SCAU26A,7.089752329016132,0.3637809588729834,0.1587380399561146
SCOPA_SCAU26D,7.083390138604862,0.3645762326743922,0.21746098676891995
MDS-U_DBSYN,7.073392410815724,0.3658259486480345,0.020867782774527208
MDS-U_NP3BRADY,7.0015905476028175,0.3748011815496478,4.373216076647793
MDS-U_NP3LGAGL,7.0015905476028175,0.3748011815496478,15.266678239614583
MDS-U_NP3HMOVR,7.0015905476028175,0.3748011815496478,2.5436060024230533
MDS-U_NP3FTAPR,7.0015905476028175,0.3748011815496478,4.485706517571164
MDS-U_NP3LGAGR,7.0015905476028175,0.3748011815496478,15.168643018351643
MDS-U_NP3GAIT,7.0015905476028175,0.3748011815496478,13.25166960581231
MDS-U_NP3RISNG,7.0015905476028175,0.3748011815496478,15.02304060314611
MDS-U_NP3FRZGT,7.0015905476028175,0.3748011815496478,20.43046266756582
MDS-U_NP3POSTR,7.0015905476028175,0.3748011815496478,11.58113168237833
MDS-U_NP3PRSPR,7.0015905476028175,0.3748011815496478,4.3908464587539004
MDS-U_NP3RIGLU,7.0015905476028175,0.3748011815496478,98.39511801269232
MDS-U_NP3RIGN,7.0015905476028175,0.3748011815496478,91.35683427822623
MDS-U_NP3RIGRU,7.0015905476028175,0.3748011815496478,90.99949923220228
MDS-U_NP3PTRML,7.0015905476028175,0.3748011815496478,3.980787915622906
MDS-U_NP3PTRMR,7.0015905476028175,0.3748011815496478,4.052953833119544
MDS-U_NP3FACXP,7.0015905476028175,0.3748011815496478,2.5104315395065897
MDS-U_NP3SPCH,7.0015905476028175,0.3748011815496478,2.2655025152996413
MDS-U_NP3KTRMR,7.00068166325835,0.37491479209270623,5.804444266469906
MDS-U_NP3KTRML,7.00068166325835,0.37491479209270623,9.508088909646714
MDS-U_NP3RTARU,7.00068166325835,0.37491479209270623,8.231332844476048
MDS-U_NP3RTARL,7.00068166325835,0.37491479209270623,22.36810296082448
MDS-U_NP3TTAPR,7.00068166325835,0.37491479209270623,15.428795207321942
MDS-U_NP3HMOVL,7.00068166325835,0.37491479209270623,2.6100472727241484
MDS-U_NP3FTAPL,7.00068166325835,0.37491479209270623,4.570849185016491
MDS-U_NP3RIGRL,7.00068166325835,0.37491479209270623,96.9414667410195
MDS-U_NP3PRSPL,7.00068166325835,0.37491479209270623,6.3003152462084975
MDS-U_NP3RTALJ,7.00068166325835,0.37491479209270623,7.4809055899489145
MDS-U_NP3TTAPL,7.00068166325835,0.37491479209270623,15.49103748427883
MDS-U_NP3RTALU,7.00068166325835,0.37491479209270623,9.848897107435805
MDS-U_NP3RTCON,7.00068166325835,0.37491479209270623,10.848185792993192
MDS-U_DYSKPRES,7.00068166325835,0.37491479209270623,0.04814619806411722
MDS-U_NP3RTALL,7.00068166325835,0.37491479209270623,22.332364671675638
MDS-U_NP3RIGLL,6.999772778913883,0.3750284026357646,96.9987823040439
MDS-U_NP3PSTBL,6.998863894569416,0.375142013178823,111.8413099571823
Vital_SYSSUP,6.993410588502613,0.37582367643717335,297.38820980814785
Vital_DIASUP,6.993410588502613,0.37582367643717335,105.63792670964688
Vital_HRSUP,6.989775051124744,0.37627811860940696,124.382424726917
Vital_WGTKG,6.98795728243581,0.37650533969552374,286.666189004052
Vital_BPARM,6.986139513746876,0.3767325607816405,0.2493660003369811
Vital_HTCM,6.976141785957736,0.3779822767552829,108.51920440838634
Vital_SYSSTND,6.973415132924336,0.3783231083844581,314.7220687014252
Vital_DIASTND,6.973415132924336,0.3783231083844581,120.14285851715745
Vital_HRSTND,6.968870711201999,0.3788911610997501,145.84981993882596
Vital_TEMPC,6.963417405135196,0.3795728243581004,2.037853544246146
MDS-U_PDTRTMNT,6.578050443081118,0.4277436946148603,0.23805925113650642
MDS-U_PDMEDYN,6.5526016814360375,0.43092478982049537,0.2376598321105078
clini_NP3FRZGT,6.323562826630312,0.4595546466712111,0.130641701406612
clini_NP3LGAGL,6.323562826630312,0.4595546466712111,0.6966163626247399
clini_NP3GAIT,6.323562826630312,0.4595546466712111,0.480401419854376
clini_NP3FTAPR,6.323562826630312,0.4595546466712111,0.936904102899662
clini_NP3RIGLL,6.323562826630312,0.4595546466712111,0.7268406896445644
clini_NP3RIGRL,6.323562826630312,0.4595546466712111,0.7002915273547567
clini_NP3RIGLU,6.323562826630312,0.4595546466712111,0.7996928257467683
clini_NP3TTAPL,6.323562826630312,0.4595546466712111,1.029247854474297
clini_NP3LGAGR,6.323562826630312,0.4595546466712111,0.5452418135338777
clini_NP3TTAPR,6.323562826630312,0.4595546466712111,0.9215754464272297
clini_NP3RIGN,6.323562826630312,0.4595546466712111,0.7485488606671096
clini_NP3RTARU,6.323562826630312,0.4595546466712111,1.0229244742774715
clini_NP3HMOVL,6.323562826630312,0.4595546466712111,0.8660534437939539
NHY,6.323562826630312,0.4595546466712111,2.8233714451705274
clini_NP3RTALL,6.323562826630312,0.4595546466712111,0.23620469537787078
NP3TOT,6.323562826630312,0.4595546466712111,207.05448179328664
clini_DYSKPRES,6.323562826630312,0.4595546466712111,0.02018105141146517
clini_NP3PRSPL,6.323562826630312,0.4595546466712111,0.9200025353279564
clini_NP3PRSPR,6.323562826630312,0.4595546466712111,0.808686786751161
clini_priority,6.323562826630312,0.4595546466712111,0.9045220951002577
clini_NP3HMOVR,6.323562826630312,0.4595546466712111,0.7746922644032352
clini_NP3FTAPL,6.323562826630312,0.4595546466712111,1.0194566088521135
clini_NP3PTRMR,6.323562826630312,0.4595546466712111,0.4326888107702995
clini_NP3PTRML,6.323562826630312,0.4595546466712111,0.335618988651667
clini_NP3SPCH,6.323562826630312,0.4595546466712111,0.43210731191057816
clini_NP3FACXP,6.323562826630312,0.4595546466712111,0.7159993338134073
clini_NP3RISNG,6.323562826630312,0.4595546466712111,0.29028939336532605
clini_NP3PSTBL,6.323562826630312,0.4595546466712111,0.29257189573048303
clini_NP3RIGRU,6.323562826630312,0.4595546466712111,0.7904414423222614
clini_NP3KTRML,6.323562826630312,0.4595546466712111,0.32989964945643385
clini_NP3RTALU,6.323562826630312,0.4595546466712111,0.7666474601724552
clini_NP3RTCON,6.323562826630312,0.4595546466712111,2.0013586281506623
clini_NP3RTARL,6.323562826630312,0.4595546466712111,0.3017824380979524
clini_NP3RTALJ,6.323562826630312,0.4595546466712111,0.0932678025902424
clini_NP3KTRMR,6.323562826630312,0.4595546466712111,0.3028418303653436
clini_NP3BRADY,6.323562826630312,0.4595546466712111,0.7893621599296897
clini_NP3POSTR,6.323562826630312,0.4595546466712111,0.6268989102509815
TARGET_NHY,6.322653942285845,0.45966825721426946,0.7407651102509066
clini_DBSYN,6.294478527607362,0.46319018404907975,0.019095824989135746
Featu_FEATBRADY,6.275391956373552,0.4655760054533061,0.11781735605149991
Featu_FEATPOSINS,6.275391956373552,0.4655760054533061,0.2691236578620391
Featu_FEATTREMOR,6.275391956373552,0.4655760054533061,0.24282766210885798
Featu_FEATRIGID,6.272665303340149,0.46591683708248127,0.16278980932078735
clini_PDTRTMNT,5.799136559872756,0.5251079300159055,0.24687140418428438
clini_PDMEDYN,5.773687798227676,0.5282890252215405,0.24657747813861045
Neuro_MTRRSP,5.743694614860259,0.5320381731424676,0.07318022205109505
Neuro_CORDRSP,5.743694614860259,0.5320381731424676,0.04999893291149733
Neuro_SENRSP,5.743694614860259,0.5320381731424676,0.1561514822330943
Neuro_RFLXRSP,5.743694614860259,0.5320381731424676,0.24555982115832514
Neuro_CNRSP,5.743694614860259,0.5320381731424676,0.5319581215516387
SCOPA_SCAU22,5.740059077482391,0.5324926153147012,12.439447791407819
SCOPA_SCAU23,5.731879118382186,0.5335151102022267,13.61296442092111
Featu_PSGLVL,5.411951829129743,0.5735060213587821,1.5289990703228575
SCOPA_SCAU23A,5.379231992728926,0.5775960009088843,0.1274024396579807
SCOPA_SCAU24,4.948420813451488,0.631447398318564,16.899700787772808
SCOPA_SCAU25,4.947511929107021,0.6315610088616224,17.248027783658934
MDS-U_NP4FLCTX,4.885707793683253,0.6392865257895933,16.476995668547104
MDS-U_NP4DYSTN,4.885707793683253,0.6392865257895933,10.080526323623538
MDS-U_NP4OFF,4.885707793683253,0.6392865257895933,25.902177634222944
MDS-U_NP4WDYSK,4.885707793683253,0.6392865257895933,3.55006633622593
MDS-U_NP4DYSKI,4.885707793683253,0.6392865257895933,9.794571642627849
MDS-U_NP4FLCTI,4.885707793683253,0.6392865257895933,10.227223553577542
NP4TOT,4.873892297205181,0.6407634628493524,8.152360530909101
MDS-U_HRPOSTMED,4.667575551011134,0.6665530561236083,57813.06303689256
Curre_PROJECTID,4.5830493069756875,0.6771188366280391,3753.9514271644643
Dopam_DATSCAN,4.2613042490343105,0.7173369688707112,0.14277442055602313
TARGET_TOTAL_UPDRS,4.214042263122018,0.7232447171097478,431.61529622399127
Dopam_SCNLOC,4.177686889343331,0.7277891388320836,0.005811355739036179
clini_HRPOSTMED,4.094978413996819,0.7381276982503976,33408.697790582475
Clini_NEWDIAG,4.0940695296523515,0.7382413087934561,76.79849652627009
Neuro_MNTLRSP,4.0331742785730516,0.7458532151783686,0.012801453518360508
Neuro_GAITRSP,4.0331742785730516,0.7458532151783686,0.08163485629152896
Dopam_DATSCANTRC,3.9922744830720287,0.7509656896159964,0.00814796429987307
Xing_PROTOCOL,3.7268802544876163,0.784139968189048,0.1959856988442671
Xing_POSVENTRALPUTAMEN_R_REF_CWM,3.7196091797318793,0.7850488525335151,0.05523625362376361
Xing_PRECOMMISSURAL_PUTAMEN_R_REF_CWM,3.7196091797318793,0.7850488525335151,0.1756543147802599
Xing_POSCOMMISSURAL_PUTAMEN_R_REF_CWM,3.7196091797318793,0.7850488525335151,0.07887704892877466
Xing_PREDORSALPUTAMEN_R_REF_CWM,3.7196091797318793,0.7850488525335151,0.22183946375006566
Xing_PREVENTRALPUTAMEN_R_REF_CWM,3.7196091797318793,0.7850488525335151,0.14072952896383562
Xing_POSDORSALPUTAMEN_R_REF_CWM,3.7196091797318793,0.7850488525335151,0.09276586914985083
Xing_POSCAUDATE_R_REF_CWM,3.7196091797318793,0.7850488525335151,0.03501312579448886
Xing_PUTAMEN_R_REF_CWM,3.7196091797318793,0.7850488525335151,0.11185285532448687
Xing_PRECAUDATE_R_REF_CWM,3.7196091797318793,0.7850488525335151,0.13786049829335126
Xing_PREDORSALPUTAMEN_L_REF_CWM,3.7196091797318793,0.7850488525335151,0.1990701031815331
Xing_POSCOMMISSURAL_PUTAMEN_L_REF_CWM,3.7196091797318793,0.7850488525335151,0.07539197408331218
Xing_PRECOMMISSURAL_PUTAMEN_L_REF_CWM,3.7196091797318793,0.7850488525335151,0.15653520459101364
Xing_CAUDATE_R_REF_CWM,3.7196091797318793,0.7850488525335151,0.10161283086233558
Xing_STRIATUM_R_REF_CWM,3.7196091797318793,0.7850488525335151,0.08053394749581583
Xing_POSVENTRALPUTAMEN_L_REF_CWM,3.7196091797318793,0.7850488525335151,0.056636493437815495
Xing_POSDORSALPUTAMEN_L_REF_CWM,3.7196091797318793,0.7850488525335151,0.08727978157915037
Xing_PREVENTRALPUTAMEN_L_REF_CWM,3.7196091797318793,0.7850488525335151,0.1296926795782403
Xing_STRIATUM_L_REF_CWM,3.7196091797318793,0.7850488525335151,0.07352700004360256
Xing_CAUDATE_L_REF_CWM,3.7196091797318793,0.7850488525335151,0.09724113968134358
Xing_PUTAMEN_L_REF_CWM,3.7196091797318793,0.7850488525335151,0.09855186487568239
Xing_PRECAUDATE_L_REF_CWM,3.7196091797318793,0.7850488525335151,0.13319597456182228
Xing_POSCAUDATE_L_REF_CWM,3.7196091797318793,0.7850488525335151,0.03562720494766016
Xing_POSVENTRALPUTAMEN_REF_CWM,3.7196091797318793,0.7850488525335151,0.04696709225741607
Xing_PREVENTRALPUTAMEN_REF_CWM,3.7196091797318793,0.7850488525335151,0.11439574380368564
Xing_POSDORSALPUTAMEN_REF_CWM,3.7196091797318793,0.7850488525335151,0.07845259295449793
Xing_PRECAUDATE_REF_CWM,3.7196091797318793,0.7850488525335151,0.11840811977398226
Xing_POSCAUDATE_REF_CWM,3.7196091797318793,0.7850488525335151,0.029128996341857446
Xing_PRECOMMISSURAL_PUTAMEN_REF_CWM,3.7196091797318793,0.7850488525335151,0.1428047257343397
Xing_POSCOMMISSURAL_PUTAMEN_REF_CWM,3.7196091797318793,0.7850488525335151,0.06724694483046993
Xing_PREDORSALPUTAMEN_REF_CWM,3.7196091797318793,0.7850488525335151,0.1809985416622412
Xing_STRIATUM_REF_CWM,3.7196091797318793,0.7850488525335151,0.06678486063393643
Xing_PUTAMEN_REF_CWM,3.7196091797318793,0.7850488525335151,0.09133399657664043
Xing_CAUDATE_REF_CWM,3.7196091797318793,0.7850488525335151,0.08692642594329654
Neuro_PLRRRSP,3.7105203362872077,0.786184957964099,0.5179283183645844
Neuro_PLRLRSP,3.7105203362872077,0.786184957964099,0.5203647301359702
Clini_DIAGSINLV,3.6241763235628266,0.7969779595546467,0.005567771719479556
MDS-U_ONEXAM,3.5796409906839353,0.8025448761645081,0.058312514533410444
MDS-U_NP4WDYSKDEN,3.522381276982504,0.809702340377187,3.25961019276378
MDS-U_NP4WDYSKNUM,3.52056350829357,0.8099295614633037,3.798452483433765
MDS-U_NP4OFFDEN,3.5178368552601684,0.810270393092479,5.522228520789457
MDS-U_NP4OFFNUM,3.5178368552601684,0.810270393092479,3.589509656540724
MDS-U_NP4DYSTNDEN,3.5160190865712337,0.8104976141785958,0.7793203949138229
MDS-U_NP4DYSTNNUM,3.5160190865712337,0.8104976141785958,6.9580857209852995
MDS-U_NP4WDYSKPCT,3.5114746648488984,0.8110656668938877,140.60205810183123
MDS-U_NP4OFFPCT,3.5096568961599637,0.8112928879800045,281.00368119074733
MDS-U_ONOFFORDER,3.493296977959555,0.8133378777550556,0.22242518550258986
MDS-U_HIFUYN,3.366962054078619,0.8291297432401726,0.009880504947551707
SAA_InstrumentRep2,3.346057714155874,0.8317427857305157,4.166704381626731
SAA_PROJECTID,3.346057714155874,0.8317427857305157,1249.5912914940598
SAA_InstrumentRep3,3.346057714155874,0.8317427857305157,4.166704381626731
SAA_InstrumentRep1,3.346057714155874,0.8317427857305157,4.166704381626731
Dopam_DIFFLOC,3.2306294024085433,0.8461713246989321,0.002947659394681768
SAA_Fmax_24h_Rep1,3.0143149284253576,0.8732106339468303,4899646276.685536
SAA_SLOPEMax_24h_Rep1,3.0143149284253576,0.8732106339468303,457.85146836033556
SAA_SLOPEMax_24h_Rep2,3.0143149284253576,0.8732106339468303,409.69420851366993
SAA_TSmax_24h_Rep2,3.0143149284253576,0.8732106339468303,19.05454990203642
SAA_SLOPEMax_24h_Rep3,3.0143149284253576,0.8732106339468303,433.02556762259513
SAA_TSmax_24h_Rep1,3.0143149284253576,0.8732106339468303,18.35226842920745
SAA_AUC_24h_Rep3,3.0143149284253576,0.8732106339468303,7.128737664613927e+18
SAA_Fmax_24h_Rep2,3.0143149284253576,0.8732106339468303,4570554581.753555
SAA_Fmax_24h_Rep3,3.0143149284253576,0.8732106339468303,4673713455.639123
SAA_AUC_24h_Rep1,3.0143149284253576,0.8732106339468303,7.55696938564806e+18
SAA_AUC_24h_Rep2,3.0143149284253576,0.8732106339468303,6.714305709702032e+18
SAA_TSmax_24h_Rep3,3.0143149284253576,0.8732106339468303,18.202833619428777
Inclu_EXUNSAFLP,2.8961599636446262,0.8879800045444217,0.0010141987829614606
Inclu_INPREGNT,2.8961599636446262,0.8879800045444217,0.0010141987829614606
Inclu_EXDARX6MO,2.8961599636446262,0.8879800045444217,0.0010141987829614609
clini_ONOFFORDER,2.829811406498523,0.8962735741876846,0.06146595953190754
clini_HIFUYN,2.7934560327198366,0.9008179959100204,0.0034285444055613353
SAA_TTT_24h_Rep1,2.791638264030902,0.9010452169961373,8.575512546287131
SAA_TTT_24h_Rep3,2.785276073619632,0.901840490797546,8.98625941362495
SAA_TTT_24h_Rep2,2.7798227675528286,0.9025221540558964,9.08297120491333
Unive_UPSITFORM,2.6998409452397185,0.9125198818450352,0.175848209008157
Unive_SCENT_02_CORRECT,2.6989320608952507,0.9126334923880937,0.24067376462938886
Unive_SCENT_02_RESPONSE,2.6989320608952507,0.9126334923880937,0.628579459254443
Unive_SCENT_04_RESPONSE,2.698023176550784,0.912747102931152,1.328999280204259
Unive_SCENT_04_CORRECT,2.698023176550784,0.912747102931152,0.24889823717948717
Unive_SCENT_01_CORRECT,2.698023176550784,0.912747102931152,0.23468057366362452
Unive_SCENT_01_RESPONSE,2.698023176550784,0.912747102931152,1.1443920442199043
Unive_SCENT_03_CORRECT,2.698023176550784,0.912747102931152,0.2290308561495002
Unive_SCENT_03_RESPONSE,2.698023176550784,0.912747102931152,1.0164992802042592
Unive_SCENT_05_CORRECT,2.698023176550784,0.912747102931152,0.2233743481095176
Unive_SCENT_05_RESPONSE,2.698023176550784,0.912747102931152,0.7376072903085614
Unive_SCENT_10_RESPONSE,2.697114292206317,0.9128607134742104,0.8024346322350483
Unive_SCENT_10_CORRECT,2.697114292206317,0.9128607134742104,0.2493047068875719
Unive_SCENT_06_CORRECT,2.697114292206317,0.9128607134742104,0.23817320883303095
Unive_SCENT_06_RESPONSE,2.697114292206317,0.9128607134742104,0.7531020114991438
Unive_SCENT_24_CORRECT,2.697114292206317,0.9128607134742104,0.21478685053495872
Unive_SCENT_24_RESPONSE,2.697114292206317,0.9128607134742104,1.5125833585806145
Unive_SCENT_07_CORRECT,2.697114292206317,0.9128607134742104,0.2480587960961462
Unive_SCENT_07_RESPONSE,2.697114292206317,0.9128607134742104,1.5612453661309704
Unive_SCENT_33_RESPONSE,2.697114292206317,0.9128607134742104,0.544459611725178
Unive_SCENT_38_CORRECT,2.697114292206317,0.9128607134742104,0.24489295719990065
Unive_SCENT_33_CORRECT,2.697114292206317,0.9128607134742104,0.21329584253866238
Unive_SCENT_38_RESPONSE,2.697114292206317,0.9128607134742104,0.8749663842375265
Unive_SCENT_39_CORRECT,2.696205407861849,0.9129743240172689,0.24497517022474788
Unive_SCENT_32_RESPONSE,2.696205407861849,0.9129743240172689,0.9334357241591152
Unive_SCENT_32_CORRECT,2.696205407861849,0.9129743240172689,0.2498899298622844
Unive_SCENT_39_RESPONSE,2.696205407861849,0.9129743240172689,0.8341661120496937
Unive_SCENT_14_RESPONSE,2.696205407861849,0.9129743240172689,1.3973139473369853
Unive_SCENT_22_CORRECT,2.696205407861849,0.9129743240172689,0.20718442294237105
Unive_SCENT_09_RESPONSE,2.696205407861849,0.9129743240172689,0.6021621529377637
Unive_SCENT_26_RESPONSE,2.696205407861849,0.9129743240172689,0.8422072049011075
Unive_SCENT_26_CORRECT,2.696205407861849,0.9129743240172689,0.24934384545811364
Unive_SCENT_25_RESPONSE,2.696205407861849,0.9129743240172689,0.8689175583201079
Unive_SCENT_25_CORRECT,2.696205407861849,0.9129743240172689,0.25021758050478676
Unive_SCENT_14_CORRECT,2.696205407861849,0.9129743240172689,0.24020887728459528
Unive_SCENT_08_RESPONSE,2.696205407861849,0.9129743240172689,0.6073294766122289
Unive_SCENT_16_CORRECT,2.696205407861849,0.9129743240172689,0.24311677673680437
Unive_SCENT_16_RESPONSE,2.696205407861849,0.9129743240172689,1.1397754227887846
Unive_SCENT_09_CORRECT,2.696205407861849,0.9129743240172689,0.2281489445212376
Unive_SCENT_22_RESPONSE,2.696205407861849,0.9129743240172689,0.827720609566716
Unive_SCENT_08_CORRECT,2.696205407861849,0.9129743240172689,0.2232341848837011
Unive_SCENT_11_RESPONSE,2.6952965235173822,0.9130879345603272,0.49069910686787793
Unive_SCENT_12_CORRECT,2.6952965235173822,0.9130879345603272,0.23951339698182939
Unive_SCENT_23_RESPONSE,2.6952965235173822,0.9130879345603272,0.3989665674297642
Unive_SCENT_21_RESPONSE,2.6952965235173822,0.9130879345603272,0.542901139513397
Unive_SCENT_15_RESPONSE,2.6952965235173822,0.9130879345603272,0.7764089929165384
Unive_SCENT_17_RESPONSE,2.6952965235173822,0.9130879345603272,1.729682099715977
Unive_SCENT_17_CORRECT,2.6952965235173822,0.9130879345603272,0.24276083906511992
Unive_SCENT_19_CORRECT,2.6952965235173822,0.9130879345603272,0.17665879615371455
Unive_SCENT_15_CORRECT,2.6952965235173822,0.9130879345603272,0.2444718201416692
Unive_SCENT_28_CORRECT,2.6952965235173822,0.9130879345603272,0.25005988433767923
Unive_SCENT_36_RESPONSE,2.6952965235173822,0.9130879345603272,1.0883208431714748
Unive_SCENT_12_RESPONSE,2.6952965235173822,0.9130879345603272,0.5836395989460356
Unive_SCENT_11_CORRECT,2.6952965235173822,0.9130879345603272,0.17665879615371452
Unive_SCENT_19_RESPONSE,2.6952965235173822,0.9130879345603272,0.5461177839373096
Unive_SCENT_29_CORRECT,2.6952965235173822,0.9130879345603272,0.24986141053279953
Unive_SCENT_29_RESPONSE,2.6952965235173822,0.9130879345603272,1.1299045272559285
Unive_SCENT_28_RESPONSE,2.6952965235173822,0.9130879345603272,0.9868014919754989
Unive_SCENT_23_CORRECT,2.6952965235173822,0.9130879345603272,0.20346302569893576
Unive_SCENT_31_RESPONSE,2.6952965235173822,0.9130879345603272,0.9490914690483522
Unive_SCENT_40_RESPONSE,2.6952965235173822,0.9130879345603272,1.0953187557745612
Unive_SCENT_40_CORRECT,2.6952965235173822,0.9130879345603272,0.20458885124730522
Unive_SCENT_31_CORRECT,2.6952965235173822,0.9130879345603272,0.18888546692673577
Unive_SCENT_36_CORRECT,2.6952965235173822,0.9130879345603272,0.2397837319919242
Unive_SCENT_35_RESPONSE,2.6952965235173822,0.9130879345603272,1.006286144475242
Unive_SCENT_21_CORRECT,2.6952965235173822,0.9130879345603272,0.20948567908838928
Unive_SCENT_35_CORRECT,2.6952965235173822,0.9130879345603272,0.23839783731991923
Unive_SCENT_30_RESPONSE,2.6943876391729153,0.9132015451033856,1.2516176843954356
Unive_SCENT_30_CORRECT,2.6943876391729153,0.9132015451033856,0.24933954560737795
Unive_SCENT_20_CORRECT,2.6943876391729153,0.9132015451033856,0.24285508429799696
Unive_SCENT_20_RESPONSE,2.6943876391729153,0.9132015451033856,0.6185884459937008
Unive_SCENT_18_CORRECT,2.6925698704839807,0.9134287661895024,0.2341028002248733
Unive_SCENT_18_RESPONSE,2.6925698704839807,0.9134287661895024,1.500976060646821
Unive_TOTAL_CORRECT,2.683481027039309,0.9145648716200864,69.53773514746295
Unive_SCENT_27_CORRECT,2.683481027039309,0.9145648716200864,0.227321018783466
Unive_UPSIT_PRCNTGE,2.683481027039309,0.9145648716200864,599.4999132362523
Unive_SCENT_27_RESPONSE,2.683481027039309,0.9145648716200864,1.5770161061846617
MDS-U_DYSKIRAT,2.682572142694842,0.9146784821631447,0.0322237017310253
Unive_SCENT_13_CORRECT,2.668938877527834,0.9163826403090207,0.2503234989648033
Unive_SCENT_13_RESPONSE,2.668938877527834,0.9163826403090207,0.9216189736764269
Unive_SCENT_37_CORRECT,2.656214496705294,0.9179731879118382,0.19677195031523625
Unive_SCENT_37_RESPONSE,2.656214496705294,0.9179731879118382,0.8827325083275384
Inclu_INHY1OR2,2.577141558736651,0.9278573051579186,0.003144638465933083
Inclu_IN2YRPD,2.577141558736651,0.9278573051579186,0.015524478998484812
MDS-U_NP4DYSTNPCT,2.576232674392184,0.927970915700977,2747.948034246815
Inclu_EX90DYPDRX,2.561690524880709,0.9297886843899114,0.0032310008234856004
Inclu_INNOMED6MO,2.561690524880709,0.9297886843899114,0.0016181229773462782
Inclu_EX60DYPDRX,2.561690524880709,0.9297886843899114,0.004838633538417964
Inclu_EXCURPDRX,2.5607816405362414,0.9299022949329698,0.0032362289250457803
Initi_DOPTHERST,2.5444217223358327,0.9319472847080209,0.25004885511527014
Unive_SCENT_34_CORRECT,2.5180640763462847,0.9352419904567144,0.2378102549872044
Unive_SCENT_34_RESPONSE,2.5180640763462847,0.9352419904567144,1.2569420035149386
clini_DYSKIRAT,2.488070892978868,0.9389911383776415,0.021887767864587678
SAA_Fmax_150h_Rep3,2.3317427857305155,0.9585321517836856,2513792656.6432037
SAA_Fmax_150h_Rep1,2.3317427857305155,0.9585321517836856,2378271676.8071203
SAA_Fmax_150h_Rep2,2.3317427857305155,0.9585321517836856,2418712611.580039
SAA_TTT_150h_Rep3,2.2499431947284707,0.9687571006589412,270.31992561380224
SAA_AUC_150h_Rep3,2.2499431947284707,0.9687571006589412,32691251068323.617
SAA_SLOPE_150h_Rep3,2.2499431947284707,0.9687571006589412,236.04134329240395
SAA_T50_150h_Rep3,2.249034310384004,0.9688707112019995,273.9212891433384
SAA_AUC_150h_Rep2,2.2426721199727337,0.9696659850034083,30117162691566.273
SAA_TTT_150h_Rep1,2.2426721199727337,0.9696659850034083,250.34045222043872
SAA_SLOPE_150h_Rep1,2.2426721199727337,0.9696659850034083,217.66464905291826
SAA_SLOPE_150h_Rep2,2.2426721199727337,0.9696659850034083,1348996.2790638022
SAA_AUC_150h_Rep1,2.2426721199727337,0.9696659850034083,29565701620033.344
SAA_T50_150h_Rep1,2.2426721199727337,0.9696659850034083,259.21513104953397
SAA_TTT_150h_Rep2,2.2426721199727337,0.9696659850034083,245.67002158486102
SAA_T50_150h_Rep2,2.241763235628266,0.9697795955464668,248.48445732586183
DATELIG,2.147239263803681,0.9815950920245399,0.09937888198757763
TARGET_UPDRS_DELTA_12,2.139968189047944,0.982503976369007,168.8303200067906
TARGET_UPDRS_DELTA_24,2.1163371960917976,0.9854578504885253,299.035187007874
TARGET_UPDRS_DELTA_36,2.099977277891388,0.9875028402635765,354.17522935779823
MDS-U_ONNORSN,2.0981595092024543,0.9877300613496932,1.0529595015576323
Kinet_Max_Slope,2.088161781413315,0.9889797773233356,35.496806271477666
Kinet_AUC_Fluoro,2.088161781413315,0.9889797773233356,2.223585821037868e+18
Kinet_TTT,2.088161781413315,0.9889797773233356,25.589452319587625
Kinet_Time_To_Max_Slope,2.088161781413315,0.9889797773233356,26.071466924398624
Kinet_Fmax,2.088161781413315,0.9889797773233356,325020940.2970361
Gait_AXIVITYUP,2.0781640536241763,0.990229493296978,0.06566347469220246
Gait_OPALUSED,2.0781640536241763,0.990229493296978,0.022982216142270865
Gait_GAITASTCMPLT,2.0781640536241763,0.990229493296978,0.034062927496580034
Gait_AXIVITYUSED,2.0781640536241763,0.990229493296978,0.034062927496580034
Gait_RARMLEN,2.0763462849352416,0.9904567143830948,150.07401032702236
Roche_count,2.0763462849352416,0.9904567143830948,6474912.500860585
Gait_LARMLEN,2.0763462849352416,0.9904567143830948,158.16351118760755
Gait_LLEGLEN,2.0763462849352416,0.9904567143830948,261.8638841078599
Gait_RLEGLEN,2.0763462849352416,0.9904567143830948,252.55192197360876
Gait_GAITASTSUBS,2.0754374005907748,0.9905703249261532,185.40816926241553
Gait_GAITASTUS,2.0754374005907748,0.9905703249261532,29.354723067881284
Gait_GAITASTMIS,2.0754374005907748,0.9905703249261532,2.926829268292683
Gait_GAITASTDUAL,2.0754374005907748,0.9905703249261532,64.5644160740523
Gait_GAITTUG2,2.074528516246308,0.9906839354692115,9.389346778078892
Gait_GAITTUG1,2.074528516246308,0.9906839354692115,14.566455585666967
MDS-U_DBSONYN,2.0381731424676213,0.9952283571915473,0.023809523809523805
MDS-U_HRDBSON,2.033628720745285,0.9957964099068394,13.159094538303302
clini_HRDBSOFF,2.0245398773006134,0.9969325153374233,0.9560730648148149
MDS-U_OFFEXAM,2.0172688025448764,0.9978413996818905,0.14035087719298245
MDS-U_OFFNORSN,2.0027266530334016,0.9996591683708248,13.0
PD_DXOTHSX,2.0018177686889347,0.9997727789138832,0.5
PD_DXTREMOR,2.0018177686889347,0.9997727789138832,0.5
MDS-U_HRDBSOFF,2.000908884344467,0.9998863894569416,
Demog_HETERO,2.0,1.0,
MDS-U_DBSOFFYN,2.0,1.0,
Inclu_INPDDXSC,2.0,1.0,
clini_HRDBSON,2.0,1.0,
Inclu_INPRESCRN,2.0,1.0,
Demog_RAUNKNOWN,2.0,1.0,
Inclu_INAGE6030,2.0,1.0,
Inclu_INAGE4030,2.0,1.0,
Inclu_EXPDDEMDX,2.0,1.0,
Demog_RANOS,2.0,1.0,
Demog_RAINDALS,2.0,1.0,
Demog_RAWHITE,2.0,1.0,
Demog_BISEXUAL,2.0,1.0,
Demog_PANSEXUAL,2.0,1.0,
Demog_ASEXUAL,2.0,1.0,
Demog_OTHSEXUALITY,2.0,1.0,
Demog_HANDED,2.0,1.0,
Demog_HISPLAT,2.0,1.0,
Demog_RAASIAN,2.0,1.0,
Demog_RABLACK,2.0,1.0,
Demog_RAHAWOPI,2.0,1.0,
clini_ONNORSN,2.0,1.0,
Conco_ROUTE,2.0,1.0,
Conco_ONGOING,2.0,1.0,
Inclu_INLRRK2GBACORE,2.0,1.0,
Inclu_EXMEDDBS,2.0,1.0,
Demog_BASQUE,2.0,1.0,
Demog_ASHKJEW,2.0,1.0,
LEDD_LEDDOSE,2.0,1.0,
Demog_AFICBERB,2.0,1.0,
Inclu_INSNCAPARKCORE,2.0,1.0,
LEDD_LEDDSTRMG,2.0,1.0,
Unive_upsitorder,2.0,1.0,
LEDD_LEDDOSFRQ,2.0,1.0,
Medic_MHDIAGYR,2.0,1.0,
Medic_RESOLVD,2.0,1.0,
Medic_RESYR,2.0,1.0,
Demog_HOWLIVE,2.0,1.0,
Demog_CHLDBEAR,2.0,1.0,
Demog_SEX,2.0,1.0,
Demog_GAYLES,2.0,1.0,
Medic_MHCAT,2.0,1.0,
Medic_MHHX,2.0,1.0,
clini_ONEXAM,2.0,1.0,
Inclu_INLRRK2,2.0,1.0,
Dopam_VSRPTELG,2.0,1.0,
Conco_SEQNO1,2.0,1.0,
Conco_SEQNO2,2.0,1.0,
LEDD_TOTDDA,2.0,1.0,
clini_OFFNORSN,2.0,1.0,
Conco_RECNO,2.0,1.0,
Conco_CMINDC,2.0,1.0,
Conco_TOTDDOSE,2.0,1.0,
Conco_CMDOSE,2.0,1.0,
Inclu_IN7YRPD,2.0,1.0,
Dopam_SCNINJCT,1.5996364462622132,0.8000454442172233,0.0
Dopam_OFF_SCHEDULE,1.5732788002726652,0.8033401499659168,0.0
clini_OFFEXAM,0.9252442626675759,0.884344467166553,0.0
Inclu_INCNST,0.8961599636446262,0.8879800045444217,0.0
Inclu_EXANTCOAG,0.8961599636446262,0.8879800045444217,0.0
Inclu_INHOLDRX,0.8961599636446262,0.8879800045444217,0.0
Inclu_INAGE30,0.8961599636446262,0.8879800045444217,0.0
Inclu_EXABCOND,0.8961599636446262,0.8879800045444217,0.0
Inclu_EXNEURMRI,0.8588957055214728,0.8926380368098159,0.0
Inclu_IN2CARDPD,0.7816405362417633,0.9022949329697796,0.0
Inclu_EXDEMNTDX,0.7443762781186098,0.9069529652351738,0.0
Inclu_EXATYPPD,0.7443762781186098,0.9069529652351738,0.0
Inclu_INDATSCN,0.522608498068621,0.9346739377414224,0.0
Inclu_EXOTHRSN,0.49534196773460604,0.9380822540331742,0.0
Inclu_INHY1TO3,0.19268348102703925,0.9759145648716201,0.0
Inclu_INUPSIT,0.1845035219268345,0.9769370597591457,0.0
Inclu_EXFAMPD,0.11451942740286292,0.9856850715746421,0.0
Inclu_EXNEURCURR,0.11451942740286292,0.9856850715746421,0.0
Kinet_PROJECTID,0.08816178141331488,0.9889797773233356,0.0
Inclu_INPDSC,0.02272210861167956,0.99715973642354,0.0
Inclu_INSNCAPARK,0.02272210861167956,0.99715973642354,0.0
Inclu_INLRRK2GBA,0.014542149511474811,0.9981822313110656,0.0
clini_DBSOFFYN,0.0072710747557369615,0.9990911156555329,0.0
Xing_DATSCAN_NOT_ANALYZED_REASON,0.0072710747557369615,0.9990911156555329,0.0
clini_DBSONYN,0.0072710747557369615,0.9990911156555329,0.0
Inclu_INSAA,0.0036355373778684807,0.9995455578277664,0.0
PD_DXPOSINS,0.0018177686889346845,0.9997727789138832,0.0
PD_DXBRADY,0.0018177686889346845,0.9997727789138832,0.0
PD_DOMSIDE,0.0018177686889346845,0.9997727789138832,0.0
PD_DXRIGID,0.0018177686889346845,0.9997727789138832,0.0
