Feature,Overall_Mean,Temporal_Variance,Coefficient_of_Variation,Baseline_vs_V04_Shift
COHORT,1.1533742331288344,0.12986533181184792,0.3124470077707923,0.0
SCREENEDAM,2.6912955465587043,0.6244425257638652,0.293619465068282,0.0
ENROLL_AGE,62.866394001363325,102.48587198563837,0.16103246845202976,0.0
AV133STDY,0.018328445747800588,0.017994712591693746,7.318916946980158,0.0
TAUSTDY,0.010286554004408524,0.01018198768691117,9.809488746119225,0.0
GAITSTDY,0.05216752387950037,0.04945212918889562,4.262773664630896,0.0
PISTDY,0.0,0.0,,
SV2ASTDY,0.008082292432035268,0.008017950851131129,11.078912565054218,0.0
NXTAUSTDY,0.011021307861866276,0.010901173581436871,9.473348052895139,0.0
DPPDSTDY,0.006612784717119765,0.006569860333775326,12.257268069794469,0.0
DPPROSTDY,0.0,0.0,,
FD4STDY,0.005143277002204262,0.005117450381617566,13.908711708654172,0.0
DPASTDY,0.016164584864070537,0.015905238799503084,7.8019927310316675,0.0
DPDPASTDY,0.0,0.0,,
GAITLEAPSTDY,0.0,0.0,,
MDGSTDY,0.0029390154298310064,0.0029307365131272575,18.419868330033598,0.0
MNISTDY,0.002204261572373255,0.002199672172896176,21.27726736572057,0.0
DATELIG,0.1111111111111111,0.09937888198757763,2.8371974624607623,0.0
ENRLPINK1,0.002204261572373255,0.002199672172896176,21.27726736572057,0.0
ENRLPRKN,0.011021307861866276,0.010901173581436871,9.473348052895139,0.0
ENRLSRDC,0.5606171932402645,0.24635572435346834,0.88534984639221,0.0
ENRLNORM,0.13592946362968406,0.11746702943919789,2.5214153354852686,0.0
ENRLOTHGV,0.0036737692872887582,0.0036607209946578484,16.469159509271407,0.0
ENRLHPSM,0.0,0.0,,
ENRLRBD,0.0,0.0,,
ENRLLRRK2,0.09270620313565099,0.08412132010468229,3.1285582481186083,0.0
ENRLSNCA,0.0190865712338105,0.018724401321749785,7.169288428894998,0.0
ENRLGBA,0.0408997955010225,0.03923145933639721,4.842795109226343,0.0
clini_PDTRTMNT,0.5564593301435407,0.24687140418428438,0.892898236093869,1.7896655173957818
clini_HRPOSTMED,16.800223947939262,33408.697790582475,10.879644458233079,0.09215840779905723
clini_HRDBSON,,,,
clini_HRDBSOFF,0.9271592592592592,0.9560730648148149,1.0546083405866182,
clini_PDMEDYN,0.5590077071290944,0.24657747813861045,0.8882984568491223,1.7565577832845238
clini_DBSYN,0.019470899470899472,0.019095824989135746,7.097137157565906,0.629908890983349
clini_ONOFFORDER,1.0657174151150055,0.06146595953190754,0.232635115208747,0.0580447441005208
clini_OFFEXAM,1.0,0.0,0.0,0.0
clini_OFFNORSN,,,,
clini_DBSOFFYN,1.0,0.0,0.0,
clini_ONEXAM,,,,
clini_ONNORSN,,,,
clini_HIFUYN,0.003436426116838488,0.0034285444055613353,17.039148124461487,-0.7555066079295154
clini_DBSONYN,1.0,0.0,0.0,
clini_NP3SPCH,0.5055707378599958,0.43210731191057816,1.300211127044016,0.1637892763774479
clini_NP3FACXP,1.012192558335085,0.7159993338134073,0.8359747672861527,0.07146759528642554
clini_NP3RIGN,0.7185200756779483,0.7485488606671096,1.2041238814777186,0.17537686845742073
clini_NP3RIGRU,0.9625814589026698,0.7904414423222614,0.9236285714162837,0.08388003748828493
clini_NP3RIGLU,0.8280428841706958,0.7996928257467683,1.0799627362069038,0.15053804954746708
clini_NP3RIGRL,0.5947025436199286,0.7002915273547567,1.4071475535015179,0.19335506949852815
clini_NP3RIGLL,0.5850325835610679,0.7268406896445644,1.4572684449306035,0.18919159366625923
clini_NP3FTAPR,0.9957956695396258,0.936904102899662,0.972024781093765,0.020717094833098283
clini_NP3FTAPL,1.0098801765818792,1.0194566088521135,0.999803207059788,0.060096153846153834
clini_NP3HMOVR,0.8030271179314694,0.7746922644032352,1.0960601753054118,0.0685125832587003
clini_NP3HMOVL,0.843809123397099,0.8660534437939539,1.1028796663268108,0.04741978835567593
clini_NP3PRSPR,0.7830565482446921,0.808686786751161,1.1484102178299995,0.0542541994088386
clini_NP3PRSPL,0.8496951860416229,0.9200025353279564,1.1288373078363023,0.0761162209133657
clini_NP3TTAPR,0.8787050662182048,0.9215754464272297,1.0925021927178473,0.11145370446260255
clini_NP3TTAPL,1.0199705696867774,1.029247854474297,0.9946547120900159,0.062071067339133826
clini_NP3LGAGR,0.5040992221988648,0.5452418135338777,1.4648007358927608,0.05192957694757862
clini_NP3LGAGL,0.606684885431995,0.6966163626247399,1.3757314331575776,0.13152667015484043
clini_NP3RISNG,0.2261929787681312,0.29028939336532605,2.381970968516009,0.3131933202692341
clini_NP3GAIT,0.6859365146100483,0.480401419854376,1.010457888664457,0.09645014252169226
clini_NP3FRZGT,0.06264452385957536,0.130641701406612,5.769760700085839,-0.11433926897844425
clini_NP3PSTBL,0.16691191927685517,0.29257189573048303,3.240626296824667,0.18123034776484426
clini_NP3POSTR,0.6546142526802606,0.6268989102509815,1.2095206868136559,0.07784332102100443
clini_NP3BRADY,1.062854740382594,0.7893621599296897,0.8359190794819498,0.061145136330943144
clini_NP3PTRMR,0.37923060752575155,0.4326888107702995,1.7345405232370197,0.06978978112998718
clini_NP3PTRML,0.3352953542148413,0.335618988651667,1.7278089774600003,0.012183692596063778
clini_NP3KTRMR,0.3195291149884381,0.3028418303653436,1.7222551602455185,0.03560329270692069
clini_NP3KTRML,0.36850956485179737,0.32989964945643385,1.5586268820637967,-0.04549168007639123
clini_NP3RTARU,0.6602900988017658,1.0229244742774715,1.5317468638204106,0.14103529763513323
clini_NP3RTALU,0.5150304813958377,0.7666474601724552,1.7000626169700332,0.16490434974364646
clini_NP3RTARL,0.20075677948286735,0.3017824380979524,2.736382228811452,0.09281527488761457
clini_NP3RTALL,0.16249737229346226,0.23620469537787078,2.990872645632487,0.20968294968797846
clini_NP3RTALJ,0.06222409081353794,0.0932678025902424,4.908031176537908,-0.02203096743535257
clini_NP3RTCON,1.2722303973092286,2.0013586281506623,1.1119792699540711,0.11005756461704228
NP3TOT,20.636115198654615,207.05448179328664,0.6972915047261785,0.0908845387224944
clini_DYSKPRES,0.020601219255833508,0.02018105141146517,6.895709701905786,0.690806850132061
clini_DYSKIRAT,0.0223463687150838,0.021887767864587678,6.620545531474605,16.058823529411764
NHY,1.4834980029430314,2.8233714451705274,1.1326534261449115,0.08724768845556666
clini_priority,1.1036367458482237,0.9045220951002577,0.8617542580852868,-0.33941635669942166
Geria_GDSSATIS,0.9148670355166875,0.07789924597312745,0.30507642434328497,0.010401362297823544
Geria_GDSDROPD,0.1772264858111726,0.1458432880381124,2.154837860214142,0.0035873866066164495
Geria_GDSEMPTY,0.05980007140307033,0.05623406107480297,3.9655006150214778,-0.09234848629366091
Geria_GDSBORED,0.1344162799000357,0.11636931641408199,2.537858300222192,0.03676130121750813
Geria_GDSGSPIR,0.9069975008925384,0.08436809461971301,0.3202454957443196,0.011832827529847075
Geria_GDSAFRAD,0.15670176691058363,0.13216991229070107,2.3200236254708555,-0.19557956474764612
Geria_GDSHAPPY,0.8743305962156372,0.10989622205602724,0.3791540550170071,0.005409621004927224
Geria_GDSHLPLS,0.0842405854006782,0.07715787998766152,3.2973782352727756,-0.08650037003177932
Geria_GDSHOME,0.31345947875758656,0.21524105611527902,1.4800662314906783,0.05283916934186426
Geria_GDSMEMRY,0.22809209352132787,0.17609751954297448,1.839782095201259,-0.04262249772969557
Geria_GDSALIVE,0.9075330239200285,0.08393181688815833,0.31922792489700275,-0.010807031129599074
Geria_GDSWRTLS,0.062120671188861123,0.05827209541622502,3.8859228873128506,0.12099184996381254
Geria_GDSENRGY,0.5324883970010711,0.2489889504991618,0.9370869469007288,-0.02873530328176358
Geria_GDSHOPLS,0.06640485540878258,0.0620063191908468,3.7498866512719764,-5.8544581698927945e-05
Geria_GDSBETER,0.09925026776151374,0.08941561348412755,3.012832539499032,-0.1749379652605459
Neuro_MTRRSP,0.05316824471959213,0.07318022205109505,5.087969960744751,
Neuro_CORDRSP,0.03520271910657927,0.04999893291149733,6.351907390387556,
Neuro_SENRSP,0.1206603544549648,0.1561514822330943,3.2749785415715627,
Neuro_RFLXRSP,0.2573440155377519,0.24555982115832514,1.9255933653200896,
Neuro_PLRRRSP,0.26461211477151964,0.5179283183645844,2.7197256988287584,
Neuro_PLRLRSP,0.2630180658873539,0.5203647301359702,2.742637100523008,
Neuro_GAITRSP,0.06839517210549843,0.08163485629152896,4.1774606678463755,
Neuro_MNTLRSP,0.012963790791238265,0.012801453518360508,8.727656156582897,
Neuro_CNRSP,0.4102937606215101,0.5319581215516387,1.777639980099743,
SCOPA_PTCGBOTH,1.0855767516491353,0.16100626947368313,0.3696245933190236,-0.0013777193938035227
SCOPA_SCAU1,0.2939183163902265,0.29568723057240576,1.85007627369283,-0.06367384333486029
SCOPA_SCAU2,0.41743937232524964,0.4105180006039933,1.5348738740429213,0.04847396768402156
SCOPA_SCAU3,0.20970042796005706,0.2146232025537672,2.209220267072917,-0.13788955713504641
SCOPA_SCAU4,0.3464693295292439,0.41694490685298363,1.86369371626163,-0.04924174843889389
SCOPA_SCAU5,0.5766761768901569,0.7399731128834017,1.4916810043759965,0.09699453551912567
SCOPA_SCAU6,0.7257489300998573,0.7105763963783807,1.1614993853836042,0.0539861895794098
SCOPA_SCAU7,0.06266738082485271,0.07482209809472798,4.364890942593466,-0.03417143604059498
SCOPA_SCAU8,0.511864406779661,0.734200752489142,1.6739885431041888,0.0342077007560215
SCOPA_SCAU9,0.37716324710080285,0.5475868835883125,1.961991639415561,-0.04818091319993673
SCOPA_SCAU10,0.5759900107028184,0.7131361740304369,1.4661259535901514,0.006113213647353096
SCOPA_SCAU11,0.6154120585087406,0.7858748257171891,1.4404914566112075,0.0237280094565192
SCOPA_SCAU12,1.1250445950767036,0.8341380443980787,0.8118003368229497,-0.03963747151486119
SCOPA_SCAU13,1.5089190153407064,1.0192781532975852,0.6690836638372409,-0.02036781066294365
SCOPA_SCAU14,0.31793041926851023,0.3360899344867085,1.8234576038868036,-0.0117789798291288
SCOPA_SCAU15,0.17644959857270295,0.21529110403490304,2.62961620711405,0.011297709923664224
SCOPA_SCAU16,0.028367528991971452,0.03506237738941409,6.600839493812237,0.3761554423693644
SCOPA_SCAU17,0.27903657448706515,0.39749942853358855,2.25947282574831,-0.031142176460923477
SCOPA_SCAU18,0.3025869759143622,0.35596225711085683,1.971749525414439,-0.060515293671757384
SCOPA_SCAU19,0.4312221231043711,0.512622435484785,1.6603428311023265,0.059781562319500034
SCOPA_SCAU20,0.5046395431834404,0.5823450601244388,1.5121989055228933,-0.03230746436583115
SCOPA_SCAU21,0.38361299535880045,0.49823525673521474,1.8400258196972128,-0.05036908380373424
SCOPA_SCAU22,2.667071688942892,12.439447791407819,1.3224091985497288,-0.06461612544015409
SCOPA_SCAU23,2.667559668777399,13.61296442092111,1.3831274867091137,-0.059550561797752796
SCOPA_SCAU23A,0.14981172673480367,0.1274024396579807,2.382555700141804,0.19572100984167745
SCOPA_SCAU24,5.468249075215783,16.899700787772808,0.7517807820211887,-0.011963343468649683
SCOPA_SCAU25,5.382670366944187,17.248027783658934,0.7715639663224219,-0.025204186359402588
SCOPA_SCAU26A,0.19785714285714287,0.1587380399561146,2.0136721951441996,0.15706208068438185
SCOPA_SCAU26B,0.12857142857142856,0.11206082718852854,2.603649037678622,0.009912114251473102
SCOPA_SCAU26C,0.3314887540164227,0.22164352504758136,1.420230140285048,-0.04711044094702553
SCOPA_SCAU26D,0.3195065260146612,0.21746098676891995,1.4595230026168176,-0.08726168765456811
Unive_SCENT_01_CORRECT,0.375,0.23468057366362452,1.291835761597166,
Unive_SCENT_01_RESPONSE,2.6263020833333335,1.1443920442199043,0.4073265668642301,
Unive_SCENT_02_CORRECT,0.5981794538361509,0.24067376462938886,0.8201303498596242,
Unive_SCENT_02_RESPONSE,2.0650195058517555,0.628579459254443,0.3839334347735971,
Unive_SCENT_03_CORRECT,0.6458333333333334,0.2290308561495002,0.7410142194535193,
Unive_SCENT_03_RESPONSE,3.3372395833333335,1.0164992802042592,0.3021107308913892,
Unive_SCENT_04_CORRECT,0.5377604166666666,0.24889823717948717,0.9277310213875584,
Unive_SCENT_04_RESPONSE,3.0690104166666665,1.328999280204259,0.375633234904435,
Unive_SCENT_05_CORRECT,0.6640625,0.2233743481095176,0.7117175793271994,
Unive_SCENT_05_RESPONSE,2.6848958333333335,0.7376072903085614,0.31987857993008784,
Unive_SCENT_06_CORRECT,0.6101694915254238,0.23817320883303095,0.7998268234377811,
Unive_SCENT_06_RESPONSE,2.392438070404172,0.7531020114991438,0.3627322745225379,
Unive_SCENT_07_CORRECT,0.5475880052151239,0.2480587960961462,0.9095433215826685,
Unive_SCENT_07_RESPONSE,2.0521512385919167,1.5612453661309704,0.6088723005261888,
Unive_SCENT_08_CORRECT,0.664490861618799,0.2232341848837011,0.7110355873707714,
Unive_SCENT_08_RESPONSE,2.137075718015666,0.6073294766122289,0.3646634783946059,
Unive_SCENT_09_CORRECT,0.6488250652741514,0.2281489445212376,0.7361759286757656,
Unive_SCENT_09_RESPONSE,2.7193211488250655,0.6021621529377637,0.2853620574413607,
Unive_SCENT_10_CORRECT,0.5319426336375489,0.2493047068875719,0.9386429874350821,
Unive_SCENT_10_RESPONSE,2.195567144719687,0.8024346322350483,0.4079980701301868,
Unive_SCENT_11_CORRECT,0.7712418300653595,0.17665879615371452,0.5449755982589185,
Unive_SCENT_11_RESPONSE,2.854901960784314,0.49069910686787793,0.24536715925157374,
Unive_SCENT_12_CORRECT,0.6039215686274509,0.23951339698182939,0.8103718841390749,
Unive_SCENT_12_RESPONSE,2.037908496732026,0.5836395989460356,0.3748760499545686,
Unive_SCENT_13_CORRECT,0.5040760869565217,0.2503234989648033,0.9925553052946792,
Unive_SCENT_13_RESPONSE,1.7622282608695652,0.9216189736764269,0.5447704496570515,
Unive_SCENT_14_CORRECT,0.6005221932114883,0.24020887728459528,0.8161415052071173,
Unive_SCENT_14_RESPONSE,3.1305483028720626,1.3973139473369853,0.3775953069173339,
Unive_SCENT_15_CORRECT,0.5764705882352941,0.2444718201416692,0.8577036310707816,
Unive_SCENT_15_RESPONSE,2.156862745098039,0.7764089929165384,0.408528885711671,
Unive_SCENT_16_CORRECT,0.5848563968668408,0.24311677673680437,0.8430594876519022,
Unive_SCENT_16_RESPONSE,3.2258485639686683,1.1397754227887846,0.330952501624847,
Unive_SCENT_17_CORRECT,0.5869281045751634,0.24276083906511992,0.839468509028972,
Unive_SCENT_17_RESPONSE,2.026143790849673,1.729682099715977,0.6491019031466384,
Unive_SCENT_18_CORRECT,0.6272965879265092,0.2341028002248733,0.7713125165956293,
Unive_SCENT_18_RESPONSE,1.8517060367454068,1.500976060646821,0.6616294689160365,
Unive_SCENT_19_CORRECT,0.7712418300653595,0.17665879615371455,0.5449755982589185,
Unive_SCENT_19_RESPONSE,2.2601307189542483,0.5461177839373096,0.32697127552999017,
Unive_SCENT_20_CORRECT,0.5863874345549738,0.24285508429799696,0.840405613502724,
Unive_SCENT_20_RESPONSE,2.608638743455497,0.6185884459937008,0.3014997538196573,
Unive_SCENT_21_CORRECT,0.7019607843137254,0.20948567908838928,0.652025106791984,
Unive_SCENT_21_RESPONSE,1.423529411764706,0.542901139513397,0.5175995999582506,
Unive_SCENT_22_CORRECT,0.7075718015665796,0.20718442294237105,0.6432918261083791,
Unive_SCENT_22_RESPONSE,1.5195822454308094,0.827720609566716,0.5987116015420003,
Unive_SCENT_23_CORRECT,0.7163398692810458,0.20346302569893576,0.6296854031650623,
Unive_SCENT_23_RESPONSE,2.2483660130718954,0.3989665674297642,0.2809320189859768,
Unive_SCENT_24_CORRECT,0.6883963494132985,0.21478685053495872,0.6732328304698681,
Unive_SCENT_24_RESPONSE,1.7822685788787485,1.5125833585806145,0.690059451092383,
Unive_SCENT_25_CORRECT,0.5104438642297651,0.25021758050478676,0.9799658066982634,
Unive_SCENT_25_RESPONSE,2.3929503916449084,0.8689175583201079,0.3895431674304511,
Unive_SCENT_26_CORRECT,0.5313315926892951,0.24934384545811364,0.9397962049009979,
Unive_SCENT_26_RESPONSE,2.6096605744125325,0.8422072049011075,0.35166200808607073,
Unive_SCENT_27_CORRECT,0.651595744680851,0.227321018783466,0.7317143250066449,
Unive_SCENT_27_RESPONSE,3.139627659574468,1.5770161061846617,0.39998151214438127,
Unive_SCENT_28_CORRECT,0.5163398692810458,0.25005988433767923,0.9684704019626851,
Unive_SCENT_28_RESPONSE,2.433986928104575,0.9868014919754989,0.4081282502157306,
Unive_SCENT_29_CORRECT,0.47843137254901963,0.24986141053279953,1.0447922523500863,
Unive_SCENT_29_RESPONSE,2.3019607843137253,1.1299045272559285,0.4617670643943827,
Unive_SCENT_30_CORRECT,0.5314136125654451,0.24933954560737795,0.9396430520844904,
Unive_SCENT_30_RESPONSE,3.06282722513089,1.2516176843954356,0.36526944651452975,
Unive_SCENT_31_CORRECT,0.7477124183006536,0.18888546692673577,0.5812522919738963,
Unive_SCENT_31_RESPONSE,3.4862745098039216,0.9490914690483522,0.2794424976326904,
Unive_SCENT_32_CORRECT,0.52088772845953,0.2498899298622844,0.959688413513892,
Unive_SCENT_32_RESPONSE,2.5430809399477807,0.9334357241591152,0.37991113799653203,
Unive_SCENT_33_CORRECT,0.6923076923076923,0.21329584253866238,0.6671016857450413,
Unive_SCENT_33_RESPONSE,2.851368970013038,0.544459611725178,0.258779229513806,
Unive_SCENT_34_CORRECT,0.612280701754386,0.2378102549872044,0.7964613727900868,
Unive_SCENT_34_RESPONSE,1.8,1.2569420035149386,0.6228523603658034,
Unive_SCENT_35_CORRECT,0.6091503267973856,0.23839783731991923,0.8015427202028482,
Unive_SCENT_35_RESPONSE,3.275816993464052,1.006286144475242,0.306225332566463,
Unive_SCENT_36_CORRECT,0.39738562091503266,0.2397837319919242,1.2322468288356563,
Unive_SCENT_36_RESPONSE,2.973856209150327,1.0883208431714748,0.3507991299177144,
Unive_SCENT_37_CORRECT,0.7313019390581718,0.19677195031523625,0.6065755073271472,
Unive_SCENT_37_RESPONSE,1.5083102493074791,0.8827325083275384,0.6229079563572253,
Unive_SCENT_38_CORRECT,0.5736636245110821,0.24489295719990065,0.8626424690639272,
Unive_SCENT_38_RESPONSE,3.2972620599739244,0.8749663842375265,0.2836888185185526,
Unive_SCENT_39_CORRECT,0.5731070496083551,0.24497517022474788,0.8636251546245106,
Unive_SCENT_39_RESPONSE,2.2676240208877285,0.8341661120496937,0.4027682448900701,
Unive_SCENT_40_CORRECT,0.7137254901960784,0.20458885124730522,0.6337380370946255,
Unive_SCENT_40_RESPONSE,1.6274509803921569,1.0953187557745612,0.6430760654238193,
Unive_TOTAL_CORRECT,24.38962765957447,69.53773514746295,0.3419047233228668,
Unive_upsitorder,,,,
Unive_UPSITFORM,1.7727272727272727,0.175848209008157,0.23655223107715392,
Unive_UPSIT_PRCNTGE,20.6343085106383,599.4999132362523,1.186600816255661,
Curre_PROJECTID,164.95038705137227,3753.9514271644643,0.37144197984576227,-0.23680497490330724
Kinet_Fmax,53572.87628865979,325020940.2970361,0.3365198659517382,0.18931093794188808
Kinet_TTT,11.605154639175257,25.589452319587625,0.4358926676956165,-0.11063140852671344
Kinet_AUC_Fluoro,3528582247.453608,2.223585821037868e+18,0.42259728560453447,0.07157614444927277
Kinet_Time_To_Max_Slope,12.164948453608247,26.071466924398624,0.4197323673392774,-0.10353143841515934
Kinet_Max_Slope,13.891752577319588,35.496806271477666,0.42888178384789494,0.23172242874845095
Kinet_PROJECTID,299.0,0.0,0.0,0.0
SAA_Fmax_24h_Rep1,115816.4229390681,4899646276.685536,0.6043829673113243,0.054636401453062346
SAA_Fmax_24h_Rep2,110063.21953405018,4570554581.753555,0.6142458590138624,0.0009511694218166675
SAA_Fmax_24h_Rep3,111401.8270609319,4673713455.639123,0.6136754186894755,-0.027582134232627786
SAA_TTT_24h_Rep1,11.176934557979333,8.575512546287131,0.2620036461771374,0.13788267577087462
SAA_TTT_24h_Rep2,11.645920745920744,9.08297120491333,0.25878561898041075,0.16175573472188895
SAA_TTT_24h_Rep3,11.398715277777777,8.98625941362495,0.2629865694913719,0.1516859368749214
SAA_AUC_24h_Rep1,4136265397.3207884,7.55696938564806e+18,0.6646078009451851,-0.018726192761569754
SAA_AUC_24h_Rep2,3807941604.919355,6.714305709702032e+18,0.6804720254018498,-0.09087446315789846
SAA_AUC_24h_Rep3,3911547610.2867384,7.128737664613927e+18,0.6825865018031008,-0.10809954760437221
SAA_TSmax_24h_Rep1,11.734964157706095,18.35226842920745,0.3650590412976816,0.1546446438335264
SAA_TSmax_24h_Rep2,12.03429211469534,19.05454990203642,0.36272609307004816,0.13189524154746424
SAA_TSmax_24h_Rep3,11.975609318996417,18.202833619428777,0.35626395119339865,0.15793270767320192
SAA_SLOPEMax_24h_Rep1,33.68755376344086,457.85146836033556,0.6351741718625941,-0.0614007852459827
SAA_SLOPEMax_24h_Rep2,31.126747311827963,409.69420851366993,0.6502736741985502,-0.1241925847537188
SAA_SLOPEMax_24h_Rep3,31.888306451612902,433.02556762259513,0.652567310840312,-0.14075147099215046
SAA_Fmax_150h_Rep1,62278.25753424658,2378271676.8071203,0.7830586274999677,
SAA_Fmax_150h_Rep2,63998.68219178082,2418712611.580039,0.7684597109574982,
SAA_Fmax_150h_Rep3,63464.22739726027,2513792656.6432037,0.7900157129178634,
SAA_TTT_150h_Rep1,67.6298127340824,250.34045222043872,0.2339523065771935,
SAA_TTT_150h_Rep2,67.40168539325843,245.67002158486102,0.23254410022957786,
SAA_TTT_150h_Rep3,64.56054545454545,270.31992561380224,0.2546665111599392,
SAA_AUC_150h_Rep1,25452119.662921347,29565701620033.344,0.21363388503846528,
SAA_AUC_150h_Rep2,25494026.292134833,30117162691566.273,0.21526260824646282,
SAA_AUC_150h_Rep3,26712441.09090909,32691251068323.617,0.2140435735422518,
SAA_T50_150h_Rep1,73.79475655430711,259.21513104953397,0.21817484195814635,
SAA_T50_150h_Rep2,73.30936090225565,248.48445732586183,0.21502560634862133,
SAA_T50_150h_Rep3,69.55281021897811,273.9212891433384,0.23795685014010395,
SAA_SLOPE_150h_Rep1,33.822470411985016,217.66464905291826,0.4362029767104661,
SAA_SLOPE_150h_Rep2,106.14110374531835,1348996.2790638022,10.942631552194708,
SAA_SLOPE_150h_Rep3,33.88513418181818,236.04134329240395,0.4534034589896226,
SAA_InstrumentRep1,4.149898717083052,4.166704381626731,0.4918796408539773,0.17545935604447854
SAA_InstrumentRep2,4.149898717083052,4.166704381626731,0.4918796408539773,0.17545935604447854
SAA_InstrumentRep3,4.149898717083052,4.166704381626731,0.4918796408539773,0.17545935604447854
SAA_PROJECTID,216.7906819716408,1249.5912914940598,0.16305847767149334,0.1275920883329843
Dopam_OFF_SCHEDULE,0.0,0.0,,
Dopam_DATSCAN,0.85008038585209,0.14277442055602313,0.4444932880857514,-0.08630877319401914
Dopam_DATSCANTRC,1.0082116788321167,0.00814796429987307,0.08953087622089242,0.012211668928086894
Dopam_SCNLOC,1.0058430717863105,0.005811355739036179,0.075789405743089,0.0011764705882353343
Dopam_SCNINJCT,1.0,0.0,0.0,0.0
Dopam_VSRPTELG,,,,
Dopam_DIFFLOC,0.0029542097488921715,0.002947659394681768,18.37796086828664,
Xing_PROTOCOL,1.7326315789473685,0.1959856988442671,0.255508860625098,-0.10247093023255816
Xing_DATSCAN_NOT_ANALYZED_REASON,99.0,0.0,0.0,
Xing_STRIATUM_REF_CWM,0.6944714587737842,0.06678486063393643,0.37212136907701493,-0.08428170762779091
Xing_CAUDATE_REF_CWM,0.7205285412262156,0.08692642594329654,0.409189728261533,0.04151424864585896
Xing_PUTAMEN_REF_CWM,0.6459513742071882,0.09133399657664043,0.46786052565222497,-0.19236679779151014
Xing_PRECAUDATE_REF_CWM,0.8540961945031713,0.11840811977398226,0.4028876507130408,0.023330709199078033
Xing_POSCAUDATE_REF_CWM,0.3135887949260043,0.029128996341857446,0.5442547453091364,0.2060597794076618
Xing_PRECOMMISSURAL_PUTAMEN_REF_CWM,0.9140909090909091,0.1428047257343397,0.41341087801378584,-0.10659705669238727
Xing_POSCOMMISSURAL_PUTAMEN_REF_CWM,0.4322674418604651,0.06724694483046993,0.5999067563813236,-0.305722978825548
Xing_PREDORSALPUTAMEN_REF_CWM,0.929217758985201,0.1809985416622412,0.457846645410187,-0.15671214108770026
Xing_PREVENTRALPUTAMEN_REF_CWM,0.8956289640591967,0.11439574380368564,0.3776389689991945,-0.03384599764703946
Xing_POSDORSALPUTAMEN_REF_CWM,0.4278012684989429,0.07845259295449793,0.6547290082328657,-0.34753552898714196
Xing_POSVENTRALPUTAMEN_REF_CWM,0.4455285412262156,0.04696709225741607,0.4864310689320439,-0.1530916430943091
Xing_STRIATUM_L_REF_CWM,0.6847251585623678,0.07352700004360256,0.39601089846353354,-0.08696813514472794
Xing_CAUDATE_L_REF_CWM,0.7188266384778013,0.09724113968134358,0.4338112967511896,0.05086255001365341
Xing_PUTAMEN_L_REF_CWM,0.6306183932346722,0.09855186487568239,0.4978124911053779,-0.20185986548951348
Xing_PRECAUDATE_L_REF_CWM,0.8530073995771671,0.13319597456182228,0.42785119700110924,0.03353043964135079
Xing_POSCAUDATE_L_REF_CWM,0.3273731501057082,0.03562720494766016,0.5765643938102027,0.19283745745660036
Xing_PRECOMMISSURAL_PUTAMEN_L_REF_CWM,0.9054756871035942,0.15653520459101364,0.4369474599096654,-0.10663239857366023
Xing_POSCOMMISSURAL_PUTAMEN_L_REF_CWM,0.42868393234672303,0.07539197408331218,0.6405091698458995,-0.3170206712197444
Xing_PREDORSALPUTAMEN_L_REF_CWM,0.9222093023255814,0.1990701031815331,0.4838085311456788,-0.15575688079686403
Xing_PREVENTRALPUTAMEN_L_REF_CWM,0.8860887949260041,0.1296926795782403,0.4064250678871103,-0.03883993702978756
Xing_POSDORSALPUTAMEN_L_REF_CWM,0.4214957716701903,0.08727978157915037,0.7009121738245329,-0.357752377408794
Xing_POSVENTRALPUTAMEN_L_REF_CWM,0.4495454545454545,0.056636493437815495,0.5293885790247923,-0.1730551343844525
Xing_STRIATUM_R_REF_CWM,0.7049471458773784,0.08053394749581583,0.40256214829239334,-0.0807332552885764
Xing_CAUDATE_R_REF_CWM,0.7222568710359409,0.10161283086233558,0.4413494535748847,0.03085116439285519
Xing_PUTAMEN_R_REF_CWM,0.6626162790697675,0.11185285532448687,0.5047326929886524,-0.18224113531155453
Xing_PRECAUDATE_R_REF_CWM,0.8552272727272727,0.13786049829335126,0.4341485752379322,0.012633461764371549
Xing_POSCAUDATE_R_REF_CWM,0.297669133192389,0.03501312579448886,0.6286105119632054,0.2300136184351114
Xing_PRECOMMISSURAL_PUTAMEN_R_REF_CWM,0.9227959830866808,0.1756543147802599,0.4541755133764849,-0.10690129578990228
Xing_POSCOMMISSURAL_PUTAMEN_R_REF_CWM,0.4363794926004229,0.07887704892877466,0.6435925287646401,-0.2932876780867934
Xing_PREDORSALPUTAMEN_R_REF_CWM,0.9358826638477801,0.22183946375006566,0.5032664749041791,-0.15736678917785693
Xing_PREVENTRALPUTAMEN_R_REF_CWM,0.9055443974630022,0.14072952896383562,0.4142694130878781,-0.02815754879158666
Xing_POSDORSALPUTAMEN_R_REF_CWM,0.43514799154334033,0.09276586914985083,0.6999340569174827,-0.33527630697304195
Xing_POSVENTRALPUTAMEN_R_REF_CWM,0.4403594080338266,0.05523625362376361,0.5337093709659351,-0.1272579826012876
Clini_NEWDIAG,3.7864583333333335,76.79849652627009,2.3144253464177917,-0.02597390454730322
Clini_DIAGSINLV,0.005595970900951315,0.005567771719479556,13.334147744817704,
Conco_CMDOSE,,,,
Conco_ROUTE,,,,
Conco_ONGOING,,,,
Conco_CMINDC,,,,
Conco_TOTDDOSE,,,,
Conco_RECNO,,,,
Conco_SEQNO1,,,,
Conco_SEQNO2,,,,
Featu_FEATBRADY,0.8807397959183674,0.11781735605149991,0.3897238785394589,-0.02436383928571432
Featu_FEATPOSINS,0.4411139455782313,0.2691236578620391,1.176048278449524,0.34243132961783446
Featu_FEATRIGID,0.8464156562433525,0.16278980932078735,0.4766832802920664,0.03205566406250002
Featu_FEATTREMOR,0.6945153061224489,0.24282766210885798,0.7095242738436761,-0.023437499999999938
Featu_PSGLVL,1.4933404368673415,1.5289990703228575,0.8280275475853709,-0.032717075413410124
Initi_DOPTHERST,0.5191986644407346,0.25004885511527014,0.963116600593183,
LEDD_TOTDDA,,,,
LEDD_LEDDSTRMG,,,,
LEDD_LEDDOSE,,,,
LEDD_LEDDOSFRQ,,,,
Medic_RESYR,,,,
Medic_MHDIAGYR,,,,
Medic_MHCAT,,,,
Medic_MHHX,,,,
Medic_RESOLVD,,,,
PD_DXTREMOR,0.5,0.5,1.4142135623730951,
PD_DXRIGID,1.0,0.0,0.0,
PD_DXBRADY,1.0,0.0,0.0,
PD_DXPOSINS,1.0,0.0,0.0,
PD_DXOTHSX,0.5,0.5,1.4142135623730951,
PD_DOMSIDE,1.0,0.0,0.0,
Vital_WGTKG,78.83015670553937,286.666189004052,0.21478099330537614,-0.011396066556915068
Vital_HTCM,171.51068493150686,108.51920440838634,0.060738228247845014,-0.000684954023484025
Vital_TEMPC,36.48943416956602,2.037853544246146,0.039121847477945455,-0.0003460849494671255
Vital_BPARM,1.4739336492890995,0.2493660003369811,0.3387978815137108,0.01976699139209882
Vital_SYSSUP,130.40080087368037,297.38820980814785,0.13224571670471108,-0.010596463814940288
Vital_DIASUP,77.58136148525665,105.63792670964688,0.13248067666594662,-0.003647112000804612
Vital_HRSUP,67.68670309653916,124.382424726917,0.16476924378841395,-0.0023581120613026473
Vital_SYSSTND,127.22112573099415,314.7220687014252,0.13944545524321678,-0.012910874927370239
Vital_DIASTND,79.65789473684211,120.14285851715745,0.13760054563541874,-0.006017791759472277
Vital_HRSTND,74.82165721602341,145.84981993882596,0.1614082115910684,0.0010306154154079007
Gait_AXIVITYUSED,0.9651162790697675,0.034062927496580034,0.19123234205110315,0.0
Gait_AXIVITYUP,0.9302325581395349,0.06566347469220246,0.2754675170345434,-0.022222222222222247
Gait_OPALUSED,0.9767441860465116,0.022982216142270865,0.15520836270749636,0.0
Gait_RARMLEN,62.785714285714285,150.07401032702236,0.19511555995859586,-0.07920927062031366
Gait_LARMLEN,62.92857142857143,158.16351118760755,0.1998505169975144,-0.07833787465940063
Gait_RLEGLEN,91.95238095238095,252.55192197360876,0.17282730585052647,-0.08020304568527925
Gait_LLEGLEN,91.94047619047619,261.8638841078599,0.17600745119610867,-0.0870404411764706
Gait_GAITASTCMPLT,0.9651162790697675,0.034062927496580034,0.19123234205110315,0.0
Gait_GAITTUG1,11.053658536585365,14.566455585666967,0.3452795842084831,0.010120608578474027
Gait_GAITTUG2,10.720365853658535,9.389346778078892,0.2858301800260583,-0.007283896941328028
Gait_GAITASTUS,10.011927710843374,29.354723067881284,0.541154517936791,-0.0020595880823835594
Gait_GAITASTDUAL,11.962409638554218,64.5644160740523,0.6717040139654712,-0.047827338129496424
Gait_GAITASTSUBS,23.301204819277107,185.40816926241553,0.5843675014971768,0.038038436050364534
Gait_GAITASTMIS,1.0,2.926829268292683,1.710797845536603,0.012698412698412664
MDS-U_PDTRTMNT,0.6094897756601152,0.23805925113650642,0.8005272260603422,1.2107213702194828
MDS-U_HRPOSTMED,13.046325792163545,57813.06303689256,18.429976028058142,-0.12964506749416538
MDS-U_HRDBSON,2.8945945945945946,13.159094538303302,1.2532140544906123,
MDS-U_HRDBSOFF,0.0,,,
MDS-U_PDMEDYN,0.6112996606109004,0.2376598321105078,0.7974872314806555,1.187223181442835
MDS-U_DBSYN,0.021318523826585452,0.020867782774527208,6.776119000792783,0.22572402044293005
MDS-U_ONOFFORDER,1.3335362142422398,0.22242518550258986,0.3536609967467028,-0.010111801242236068
MDS-U_OFFEXAM,0.8421052631578947,0.14035087719298245,0.4448782605013047,0.24999999999999994
MDS-U_OFFNORSN,4.0,13.0,0.9013878188659973,
MDS-U_DBSOFFYN,,,,
MDS-U_ONEXAM,0.9378596087456847,0.058312514533410444,0.25747973434554455,-0.0006847183317771756
MDS-U_ONNORSN,2.4444444444444446,1.0529595015576323,0.4197837883716883,-0.03448275862068955
MDS-U_HIFUYN,0.00997340425531915,0.009880504947551707,9.966579772071844,-0.65
MDS-U_DBSONYN,0.9761904761904762,0.023809523809523805,0.1580668463026307,0.3333333333333333
MDS-U_NP3SPCH,0.5131746320188988,2.2655025152996413,2.9330339823594733,0.0772556558145263
MDS-U_NP3FACXP,0.9829184081410139,2.5104315395065897,1.61196913747848,0.017999280379819006
MDS-U_NP3RIGN,1.569325822278757,91.35683427822623,6.090562442475512,0.37623575205913773
MDS-U_NP3RIGRU,1.7873886970743231,90.99949923220228,5.337040444746769,0.21865091003668913
MDS-U_NP3RIGLU,1.7286934399418499,98.39511801269232,5.738108970599481,0.2060237474659716
MDS-U_NP3RIGRL,1.49054889131225,96.9414667410195,6.605543658955064,0.690529973935708
MDS-U_NP3RIGLL,1.4811852390474458,96.9987823040439,6.649266899790273,0.6791889855874269
MDS-U_NP3FTAPR,0.950208976921679,4.485706517571164,2.2289293296071175,-0.06129143030851187
MDS-U_NP3FTAPL,0.9676481279534714,4.570849185016491,2.2094337576378926,-0.03756110110625161
MDS-U_NP3HMOVR,0.751771760857714,2.5436060024230533,2.1214798565577255,-0.011525558299736068
MDS-U_NP3HMOVL,0.8013449654671029,2.6100472727241484,2.0160656673911004,-0.022344622836829597
MDS-U_NP3PRSPR,0.7497728511720879,4.3908464587539004,2.794759329208337,0.0896629690977751
MDS-U_NP3PRSPL,0.8382406397673573,6.3003152462084975,2.9944180206547575,-0.08215348220366314
MDS-U_NP3TTAPR,0.9638313340603417,15.428795207321942,4.075350500629504,0.03552112663242967
MDS-U_NP3TTAPL,1.0979643765903309,15.49103748427883,3.584693288507037,-0.1412867886620331
MDS-U_NP3LGAGR,0.5989460294384881,15.168643018351643,6.502579568591707,-0.042253752737298846
MDS-U_NP3LGAGL,0.7010721424677449,15.266678239614583,5.573263359782233,0.03519042421631664
MDS-U_NP3RISNG,0.35671451935308013,15.02304060314611,10.86571059944445,-0.09937201822976209
MDS-U_NP3GAIT,0.7850263492640378,13.25166960581231,4.637149159164947,0.06682313598849043
MDS-U_NP3FRZGT,0.2524077775758677,20.43046266756582,17.90755806202895,-0.1326145475780149
MDS-U_NP3PSTBL,1.272909090909091,111.8413099571823,8.308138627010237,0.8765450050894285
MDS-U_NP3POSTR,0.7530437942940215,11.58113168237833,4.519134487607331,-0.0834335806099489
MDS-U_NP3BRADY,1.0318008359076867,4.373216076647793,2.02677058481989,0.0009164157433084375
MDS-U_NP3PTRMR,0.37615845902235145,4.052953833119544,5.351986332984366,0.19232922406818903
MDS-U_NP3PTRML,0.3385426131201163,3.980787915622906,5.8934713694464245,0.15000126175687026
MDS-U_NP3KTRMR,0.3420574336604871,5.804444266469906,7.043382755621879,-0.14304571779432024
MDS-U_NP3KTRML,0.42929843693202474,9.508088909646714,7.182693090467136,-0.1824411173131166
MDS-U_NP3RTARU,0.6623046165030898,8.231332844476048,4.331888796863538,0.04272338979416577
MDS-U_NP3RTALU,0.5398037077426391,9.848897107435805,5.813771209732344,0.10204629413800653
MDS-U_NP3RTARL,0.3774990912395493,22.36810296082448,12.528488136732513,0.4680012350022619
MDS-U_NP3RTALL,0.346782988004362,22.332364671675638,13.62729229062942,0.821360158269917
MDS-U_NP3RTALJ,0.1261359505634315,7.4809055899489145,21.683940282264498,1.5531421951925863
MDS-U_NP3RTCON,1.1986550345328972,10.848185792993192,2.747795091935375,0.04439581241006368
MDS-U_DYSKPRES,0.05070883315158124,0.04814619806411722,4.327104482601176,0.30476604195109835
MDS-U_DYSKIRAT,0.033288948069241014,0.0322237017310253,5.392468822348443,4.884615384615385
MDS-U_NP4WDYSK,0.25291338582677164,3.55006633622593,7.449830959744102,-0.31034482758620696
MDS-U_NP4WDYSKDEN,0.49014925373134327,3.25961019276378,3.683447530370066,-0.37304347826086953
MDS-U_NP4WDYSKNUM,16.527196652719667,3.798452483433765,0.11792453008642637,-0.03748888041682545
MDS-U_NP4WDYSKPCT,3.0619362597714974,140.60205810183123,3.872573713111765,-0.1787798408488064
MDS-U_NP4DYSKI,0.208503937007874,9.794571642627849,15.00992298149157,-0.35185969668728295
MDS-U_NP4OFF,0.6913385826771653,25.902177634222944,7.361686920799429,1.2233093065511251
MDS-U_NP4OFFDEN,1.1994011976047905,5.522228520789457,1.9592628742148985,-0.17190883531734164
MDS-U_NP4OFFNUM,16.539520958083834,3.589509656540724,0.11454987939750681,-0.035500593703843064
MDS-U_NP4OFFPCT,7.526189042745334,281.00368119074733,2.2273111025231946,-0.12553624396342505
MDS-U_NP4FLCTI,0.5130708661417323,10.227223553577542,6.233063048784233,-0.3806659323900703
MDS-U_NP4FLCTX,0.5748031496062992,16.476995668547104,7.061872538422107,-0.5769854725979776
MDS-U_NP4DYSTN,0.30708661417322836,10.080526323623538,10.339051960708748,0.6209508881922675
MDS-U_NP4DYSTNDEN,0.18465227817745802,0.7793203949138229,4.780830547484344,-0.5269406392694064
MDS-U_NP4DYSTNNUM,1.2811750599520384,6.9580857209852995,2.0589054894727625,-0.07640116929517492
MDS-U_NP4DYSTNPCT,16.244479495268138,2747.948034246815,3.226996226438927,-0.457004016064257
NP4TOT,1.8165717900063252,8.152360530909101,1.5717704631641238,-0.3109756097560976
MDS-U_NUPSOURC,1.1394316163410303,0.2585798865113327,0.44628172635598123,-0.015171659650496109
MDS-U_NP1COG,0.3660746003552398,0.4094013587969179,1.7478535580437005,-0.027224435590969546
MDS-U_NP1HALL,0.07229129662522202,0.0969226225392671,4.306520947495767,0.23942470389170883
MDS-U_NP1DPRS,0.3481349911190053,0.4696492125433913,1.968516787226812,0.09621386625716269
MDS-U_NP1ANXS,0.4685612788632327,0.5656307241710413,1.6050926256587619,-0.1387881185640174
MDS-U_NP1APAT,0.2817051509769094,0.4084589857080515,2.2687123707220698,-0.045642978003384044
MDS-U_NP1DDS,0.2522650559602061,19.958739093911962,17.70962865519544,-0.6458786560309403
NP1RTOT,1.5939836240655036,4.570567321789818,1.341223640706266,-0.037400056896448514
MDS-U_NP1SLPN,1.1354758522727273,1.267560277875317,0.9915312533439469,-0.06912923891653319
MDS-U_NP1SLPD,0.8687855113636364,0.7338008334039652,0.9859991276527226,0.09471636553816962
MDS-U_NP1PAIN,0.8321790090570058,0.8810673469909185,1.1279446696057405,-0.01773252303535971
MDS-U_NP1URIN,0.7398792613636364,0.8158272274725141,1.2207823548429895,0.020857692898227257
MDS-U_NP1CNST,0.5532670454545454,0.6570804273421482,1.4651242700955598,0.021147891632379477
MDS-U_NP1LTHD,0.36949573863636365,0.46067827524378036,1.8369165711397635,-0.01255116654164143
MDS-U_NP1FATG,0.7311789772727273,0.7765947383397104,1.2052399693089073,-0.0729468211204351
NP1PTOT,5.229444148463861,14.966173740707761,0.7397753605049413,-0.010659247768292537
MDS_NUPSOURC,1.0926846590909092,0.17467920581682567,0.3824949966390767,-0.010221981489371578
MDS_NP2SPCH,0.5413707386363636,0.6667307082041781,1.5082747163524124,-0.037381806927834736
MDS_NP2SALV,0.6375421772331735,0.9877839402722748,1.5589136480636567,0.016343906702416873
MDS_NP2SWAL,0.24227353463587922,0.28984524760288877,2.222169162452725,-0.0030994646379261014
MDS_NP2EAT,0.3965180316219577,0.4013809085678376,1.5977742372245922,0.07334432513411941
MDS_NP2DRES,0.4987562189054726,0.46258953146122944,1.363670910376758,-0.0007508019930380091
MDS_NP2HYGN,0.291651865008881,0.2791095465722895,1.8114343029385116,0.15861663420191838
MDS_NP2HWRT,0.9134991119005329,1.0614450288675712,1.1278221617581539,0.003536385717495849
MDS_NP2HOBB,0.539349795700835,0.6550344741031032,1.5005883142164853,-0.025592324737623972
MDS_NP2TURN,0.42387635459228995,0.4148242746877748,1.519472661364319,0.12508342265455943
MDS_NP2TRMR,0.9427962337893054,0.6701457688841784,0.8682940019523818,-0.005035098680583701
MDS_NP2RISE,0.5359744181915083,0.5301999254293212,1.3585504468424718,0.017051913603637805
MDS_NP2WALK,0.51101243339254,0.5320336168288616,1.4273749478837525,-0.023097215461552186
MDS_NP2FREZ,0.16163410301953818,0.2630863326083177,3.1733366386366857,-0.1418121885845118
NP2PTOT,6.628154994667614,36.75877337757238,0.9147193154313022,0.006884083165287558
Roche_count,2679.0714285714284,6474912.500860585,0.949801080223581,0.0
Epwor_PTCGBOTH,1.0876380477377983,0.16370605389506562,0.37200431578801757,-0.004509753436729408
Epwor_ESS1,1.0226179875333927,0.7837776123233451,0.8657310609568065,0.021723889905583934
Epwor_ESS2,1.16206589492431,0.7916850793763588,0.7656767760575153,-0.02258799053261031
Epwor_ESS3,0.4315995724973281,0.4627176618277168,1.5760755527062107,-0.05732532513209281
Epwor_ESS4,0.7807658058771149,0.8156613300738739,1.1567357331011419,0.027921015326946172
Epwor_ESS5,1.7930174563591021,1.0243161026704573,0.5644591042893902,0.020241529781445583
Epwor_ESS6,0.10188813680085501,0.12822376371813843,3.5144764679691587,0.17944915254237276
Epwor_ESS7,0.6325912733748887,0.6531948338034193,1.2776096224778284,0.005390272480746513
Epwor_ESS8,0.11368496079828938,0.14533398592241872,3.3533630603102744,0.01598825570532496
REM_PTCGBOTH,1.102723873954068,0.19154706636903537,0.39689074821186804,-0.011031474754445866
REM_DRMVIVID,0.5603417586329654,0.24640273167588117,0.8858695425484022,0.007684036941393734
REM_DRMAGRAC,0.24408047000178032,0.1845380476544799,1.7599889044912203,0.035547257606671996
REM_DRMNOCTB,0.2606990014265335,0.19276940608425325,1.6841458016733515,0.08100383010347005
REM_SLPLMBMV,0.2860195903829029,0.20424875985840008,1.5800976741228616,0.01849411685207256
REM_SLPINJUR,0.1244879786286732,0.10901013589927992,2.6521985017462644,-0.015443299638018708
REM_DRMVERBL,0.3198005698005698,0.21756690590172337,1.4585361060667612,-0.0029666631488844196
REM_DRMFIGHT,0.2581047381546135,0.19152079715196238,1.6955554345095993,0.06784189209338243
REM_DRMUMV,0.12146037399821906,0.10672675898347248,2.689688874319954,-0.005258693808312124
REM_DRMOBJFL,0.06963490650044524,0.06479742635524154,3.655542871442071,0.2434266327396099
REM_MVAWAKEN,0.20972049136549759,0.16576731858465885,1.9413712314387472,0.09018743504282702
REM_DRMREMEM,0.3790954415954416,0.23542400798634106,1.279902278579877,0.04383601087919279
REM_SLPDSTRB,0.32834757834757833,0.22057472226661898,1.4303557064156844,-0.02190708387009761
REM_STROKE,0.013354700854700854,0.013178699454300525,8.596112936294823,-0.28012142315075217
REM_HETRA,0.0957977207977208,0.0866359441159085,3.072514065506795,0.018168184779535516
REM_PARKISM,0.6401353276353277,0.23040311614443407,0.749846517213714,-0.003449133220125529
REM_RLS,0.07763532763532764,0.0716208365362417,3.447150973923121,0.08799830364715854
REM_NARCLPSY,0.00641025641025641,0.006370299335570931,12.451008177270392,-0.6891433418150975
REM_DEPRS,0.1762820512820513,0.14523255017466952,2.16184168227941,-0.13916617733411624
REM_EPILEPSY,0.005341880341880342,0.005314290933168937,13.646727123212472,-0.20872850643843013
REM_BRNINFM,0.004273504273504274,0.00425599926935635,15.265696708400709,-0.2228583545377439
REM_CNSOTH,0.04424620874219447,0.04229602787864664,4.648081430573367,-0.14837007557125612
Inclu_EXFAMPD,0.0,0.0,,
Inclu_EXNEURCURR,0.0,0.0,,
Inclu_INAGE30,1.0,0.0,0.0,
Inclu_INLRRK2,,,,
Inclu_INLRRK2GBA,1.0,0.0,0.0,
Inclu_INLRRK2GBACORE,,,,
Inclu_INHY1OR2,0.9968503937007874,0.003144638465933083,0.056254254873409765,
Inclu_EX60DYPDRX,0.0048543689320388345,0.004838633538417964,14.329419138133435,
Inclu_EX90DYPDRX,0.003236245954692557,0.0032310008234856004,17.564145001315282,
Inclu_EXABCOND,0.0,0.0,,
Inclu_EXANTCOAG,0.0,0.0,,
Inclu_EXATYPPD,0.0,0.0,,
Inclu_EXCURPDRX,0.0032414910858995136,0.0032362289250457803,17.549905649652032,
Inclu_EXDARX6MO,0.0010141987829614604,0.0010141987829614609,31.40063693621517,
Inclu_EXMEDDBS,,,,
Inclu_EXDEMNTDX,0.0,0.0,,
Inclu_EXNEURMRI,0.0,0.0,,
Inclu_EXUNSAFLP,0.0010141987829614604,0.0010141987829614606,31.400636936215164,
Inclu_EXOTHRSN,0.0,0.0,,
Inclu_IN2CARDPD,1.0,0.0,0.0,
Inclu_IN2YRPD,0.984251968503937,0.015524478998484812,0.1265908234946749,
Inclu_IN7YRPD,,,,
Inclu_INCNST,1.0,0.0,0.0,
Inclu_INHOLDRX,1.0,0.0,0.0,
Inclu_INNOMED6MO,0.9983818770226537,0.0016181229773462782,0.04029109528251557,
Inclu_INPREGNT,0.9989858012170385,0.0010141987829614606,0.031878819224583924,
Inclu_EXPDDEMDX,,,,
Inclu_INAGE4030,,,,
Inclu_INAGE6030,,,,
Inclu_INDATSCN,1.0,0.0,0.0,
Inclu_INPRESCRN,,,,
Inclu_INSAA,1.0,0.0,0.0,
Inclu_INHY1TO3,1.0,0.0,0.0,
Inclu_INPDSC,1.0,0.0,0.0,
Inclu_INPDDXSC,,,,
Inclu_INSNCAPARK,1.0,0.0,0.0,
Inclu_INSNCAPARKCORE,,,,
Inclu_INUPSIT,1.0,0.0,0.0,
Age_AGE_AT_VISIT,63.977445699391836,100.72048878202659,0.15686715332391254,0.0073665800559716684
Demog_AFICBERB,,,,
Demog_ASHKJEW,,,,
Demog_BASQUE,,,,
Demog_SEX,,,,
Demog_CHLDBEAR,,,,
Demog_HOWLIVE,,,,
Demog_GAYLES,,,,
Demog_HETERO,,,,
Demog_BISEXUAL,,,,
Demog_PANSEXUAL,,,,
Demog_ASEXUAL,,,,
Demog_OTHSEXUALITY,,,,
Demog_HANDED,,,,
Demog_HISPLAT,,,,
Demog_RAASIAN,,,,
Demog_RABLACK,,,,
Demog_RAHAWOPI,,,,
Demog_RAINDALS,,,,
Demog_RANOS,,,,
Demog_RAWHITE,,,,
Demog_RAUNKNOWN,,,,
