,count,mean,std,min,25%,50%,75%,max,skewness,kurtosis,range,CV,missing_pct,constant
PATNO,8802.0,181146.52965235175,159185.8580167664,3003.0,41486.0,149808.0,292835.0,691595.0,0.8484490109312195,-0.03507378776740078,688592.0,0.8787684661818734,0.0,False
COHORT,8802.0,1.1533742331288344,0.3603683279810365,1.0,1.0,1.0,1.0,2.0,1.9241676836416652,1.7028081370599804,1.0,0.3124470077707923,0.0,False
SCREENEDAM,5928.0,2.6912955465587043,0.7902167587212164,2.0,2.0,2.0,3.0,4.0,0.6060918180160539,-1.1459699990352532,2.0,0.293619465068282,32.65167007498296,False
ENROLL_AGE,8802.0,62.866394001363325,10.123530608717413,29.7,56.8,64.0,69.9,86.7,-0.5525425268836971,0.3141660055140929,57.0,0.16103246845202976,0.0,False
AV133STDY,8184.0,0.018328445747800588,0.13414437219538414,0.0,0.0,0.0,0.0,1.0,7.183145825447195,49.60970747469983,1.0,7.318916946980158,7.021131561008861,False
TAUSTDY,8166.0,0.010286554004408524,0.10090583574259306,0.0,0.0,0.0,0.0,1.0,9.70872321482371,92.28190789867666,1.0,9.809488746119225,7.2256305385139745,False
GAITSTDY,8166.0,0.05216752387950037,0.22237834694253758,0.0,0.0,0.0,0.0,1.0,4.028649293980764,14.23350111395366,1.0,4.262773664630896,7.2256305385139745,False
PISTDY,8166.0,0.0,0.0,0.0,0.0,0.0,0.0,0.0,0.0,0.0,0.0,,7.2256305385139745,True
SV2ASTDY,8166.0,0.008082292432035268,0.08954301117971815,0.0,0.0,0.0,0.0,1.0,10.989985931408084,118.80888914329441,1.0,11.078912565054218,7.2256305385139745,False
NXTAUSTDY,8166.0,0.011021307861866276,0.10440868537356876,0.0,0.0,0.0,0.0,1.0,9.368923272747455,85.79773663725221,1.0,9.473348052895139,7.2256305385139745,False
DPPDSTDY,8166.0,0.006612784717119765,0.08105467496557694,0.0,0.0,0.0,0.0,1.0,12.177165215504303,146.31918882290665,1.0,12.257268069794469,7.2256305385139745,False
DPPROSTDY,8166.0,0.0,0.0,0.0,0.0,0.0,0.0,0.0,0.0,0.0,0.0,,7.2256305385139745,True
FD4STDY,8166.0,0.005143277002204262,0.07153635706141015,0.0,0.0,0.0,0.0,1.0,13.838500374275679,189.55051687471408,1.0,13.908711708654172,7.2256305385139745,False
DPASTDY,8166.0,0.016164584864070537,0.12611597360962284,0.0,0.0,0.0,0.0,1.0,7.674744606786283,56.91564438290777,1.0,7.8019927310316675,7.2256305385139745,False
DPDPASTDY,8166.0,0.0,0.0,0.0,0.0,0.0,0.0,0.0,0.0,0.0,0.0,,7.2256305385139745,True
GAITLEAPSTDY,8166.0,0.0,0.0,0.0,0.0,0.0,0.0,0.0,0.0,0.0,0.0,,7.2256305385139745,True
MDGSTDY,8166.0,0.0029390154298310064,0.054136277237424237,0.0,0.0,0.0,0.0,1.0,18.36782205661084,335.4590469887236,1.0,18.419868330033598,7.2256305385139745,False
MNISTDY,8166.0,0.002204261572373255,0.04690066281936937,0.0,0.0,0.0,0.0,1.0,21.23286356637586,448.9444497270445,1.0,21.27726736572057,7.2256305385139745,False
DATELIG,162.0,0.1111111111111111,0.31524416249564025,0.0,0.0,0.0,0.0,1.0,2.4980637032759994,4.2931751179245285,1.0,2.8371974624607623,98.15950920245399,False
ENRLPINK1,8166.0,0.002204261572373255,0.04690066281936937,0.0,0.0,0.0,0.0,1.0,21.23286356637586,448.9444497270445,1.0,21.27726736572057,7.2256305385139745,False
ENRLPRKN,8166.0,0.011021307861866276,0.10440868537356876,0.0,0.0,0.0,0.0,1.0,9.368923272747455,85.7977366372522,1.0,9.473348052895139,7.2256305385139745,False
ENRLSRDC,8166.0,0.5606171932402645,0.4963423459201001,0.0,0.0,1.0,1.0,1.0,-0.24431541501349105,-1.9407853711725178,1.0,0.88534984639221,7.2256305385139745,False
ENRLNORM,8166.0,0.13592946362968406,0.34273463414017247,0.0,0.0,0.0,0.0,1.0,2.1250243736718994,2.5163448267486976,1.0,2.5214153354852686,7.2256305385139745,False
ENRLOTHGV,8166.0,0.0036737692872887582,0.06050389239262089,0.0,0.0,0.0,0.0,1.0,16.410442372027447,267.3681020357164,1.0,16.469159509271407,7.2256305385139745,False
ENRLHPSM,8802.0,0.0,0.0,0.0,0.0,0.0,0.0,0.0,0.0,0.0,0.0,,0.0,True
ENRLRBD,8802.0,0.0,0.0,0.0,0.0,0.0,0.0,0.0,0.0,0.0,0.0,,0.0,True
ENRLLRRK2,8802.0,0.09270620313565099,0.2900367564718001,0.0,0.0,0.0,0.0,1.0,2.809205071743885,5.892972091029829,1.0,3.1285582481186083,0.0,False
ENRLSNCA,8802.0,0.0190865712338105,0.13683713429383773,0.0,0.0,0.0,0.0,1.0,7.030587563165438,47.43994078685045,1.0,7.169288428894998,0.0,False
ENRLGBA,8802.0,0.0408997955010225,0.19806932962070936,0.0,0.0,0.0,0.0,1.0,4.636806176240351,19.504403276196257,1.0,4.842795109226343,0.0,False
clini_PDTRTMNT,4180.0,0.5564593301435407,0.49686155434314333,0.0,0.0,1.0,1.0,1.0,-0.22737262166858538,-1.949234568128354,1.0,0.892898236093869,52.51079300159055,False
clini_HRPOSTMED,2305.0,16.800223947939262,182.78046337227204,0.0,7.9167,13.0,16.0,8776.0333,47.80922635729102,2292.055325559433,8776.0333,10.879644458233079,73.81276982503977,False
clini_HRDBSON,0.0,,,,,,,,,,,,100.0,False
clini_HRDBSOFF,27.0,0.9271592592592592,0.9777898878669256,0.0,0.09165000000000001,1.0,1.1667,4.0833,1.644641952821477,3.3514517575217715,4.0833,1.0546083405866182,99.69325153374233,False
clini_PDMEDYN,4152.0,0.5590077071290944,0.4965656836095407,0.0,0.0,1.0,1.0,1.0,-0.237777786612957,-1.9443985645604285,1.0,0.8882984568491223,52.82890252215405,False
clini_DBSYN,4725.0,0.019470899470899472,0.13818764412615098,0.0,0.0,0.0,0.0,1.0,6.957678282472182,46.42893936604904,1.0,7.097137157565906,46.31901840490797,False
clini_ONOFFORDER,913.0,1.0657174151150055,0.24792329364524734,1.0,1.0,1.0,1.0,2.0,3.5110537456279296,10.350166528239246,1.0,0.232635115208747,89.62735741876845,False
clini_OFFEXAM,1018.0,1.0,0.0,1.0,1.0,1.0,1.0,1.0,0.0,0.0,0.0,0.0,88.4344467166553,True
clini_OFFNORSN,0.0,,,,,,,,,,,,100.0,False
clini_DBSOFFYN,8.0,1.0,0.0,1.0,1.0,1.0,1.0,1.0,0.0,0.0,0.0,0.0,99.90911156555329,True
clini_ONEXAM,0.0,,,,,,,,,,,,100.0,False
clini_ONNORSN,0.0,,,,,,,,,,,,100.0,False
clini_HIFUYN,873.0,0.003436426116838488,0.058553773623579,0.0,0.0,0.0,0.0,1.0,16.99988772536241,287.6551830074906,1.0,17.039148124461487,90.08179959100204,False
clini_DBSONYN,8.0,1.0,0.0,1.0,1.0,1.0,1.0,1.0,0.0,0.0,0.0,0.0,99.90911156555329,True
clini_NP3SPCH,4757.0,0.5055707378599958,0.65734869887342,0.0,0.0,0.0,1.0,4.0,1.119174924079069,0.8725390812280915,4.0,1.300211127044016,45.95546466712111,False
clini_NP3FACXP,4757.0,1.012192558335085,0.8461674384029483,0.0,0.0,1.0,2.0,4.0,0.41226951373024884,-0.5095858930603279,4.0,0.8359747672861527,45.95546466712111,False
clini_NP3RIGN,4757.0,0.7185200756779483,0.8651871824449953,0.0,0.0,0.0,1.0,4.0,0.9384584559469246,0.017374940129492256,4.0,1.2041238814777186,45.95546466712111,False
clini_NP3RIGRU,4757.0,0.9625814589026698,0.8890677377580751,0.0,0.0,1.0,2.0,4.0,0.4035605129539331,-0.9073362905225433,4.0,0.9236285714162837,45.95546466712111,False
clini_NP3RIGLU,4757.0,0.8280428841706958,0.894255458885641,0.0,0.0,1.0,2.0,4.0,0.6030547269646404,-0.8583840777311447,4.0,1.0799627362069038,45.95546466712111,False
clini_NP3RIGRL,4757.0,0.5947025436199286,0.8368342293159122,0.0,0.0,0.0,1.0,4.0,1.1874971114548,0.41028751167117905,4.0,1.4071475535015179,45.95546466712111,False
clini_NP3RIGLL,4757.0,0.5850325835610679,0.8525495232797707,0.0,0.0,0.0,1.0,4.0,1.2462622465117006,0.5357253601969023,4.0,1.4572684449306035,45.95546466712111,False
clini_NP3FTAPR,4757.0,0.9957956695396258,0.967938067698374,0.0,0.0,1.0,2.0,4.0,0.6179670946686835,-0.5468444533353538,4.0,0.972024781093765,45.95546466712111,False
clini_NP3FTAPL,4757.0,1.0098801765818792,1.0096814392926678,0.0,0.0,1.0,2.0,4.0,0.6018864764740416,-0.7044276333187409,4.0,0.999803207059788,45.95546466712111,False
clini_NP3HMOVR,4757.0,0.8030271179314694,0.8801660436549659,0.0,0.0,1.0,1.0,4.0,0.8176811230136518,-0.18417334935734697,4.0,1.0960601753054118,45.95546466712111,False
clini_NP3HMOVL,4757.0,0.843809123397099,0.9306199244557113,0.0,0.0,1.0,1.0,4.0,0.8046719370225737,-0.307471949792931,4.0,1.1028796663268108,45.95546466712111,False
clini_NP3PRSPR,4757.0,0.7830565482446921,0.8992701411428943,0.0,0.0,1.0,1.0,4.0,0.9064273816820677,-0.05288321060022616,4.0,1.1484102178299995,45.95546466712111,False
clini_NP3PRSPL,4757.0,0.8496951860416229,0.9591676262926916,0.0,0.0,1.0,1.0,4.0,0.8715262778782042,-0.17193996296363023,4.0,1.1288373078363023,45.95546466712111,False
clini_NP3TTAPR,4757.0,0.8787050662182048,0.95998721159567,0.0,0.0,1.0,1.0,4.0,0.840350074746703,-0.15326777924865942,4.0,1.0925021927178473,45.95546466712111,False
clini_NP3TTAPL,4757.0,1.0199705696867774,1.014518533332091,0.0,0.0,1.0,2.0,4.0,0.6332865799242702,-0.6047653601740608,4.0,0.9946547120900159,45.95546466712111,False
clini_NP3LGAGR,4757.0,0.5040992221988648,0.7384049116398655,0.0,0.0,0.0,1.0,4.0,1.4310231681641854,1.6507780678015451,4.0,1.4648007358927608,45.95546466712111,False
clini_NP3LGAGL,4757.0,0.606684885431995,0.8346354669103991,0.0,0.0,0.0,1.0,4.0,1.3131786171523658,1.1552732983036278,4.0,1.3757314331575776,45.95546466712111,False
clini_NP3RISNG,4757.0,0.2261929787681312,0.5387851087078466,0.0,0.0,0.0,0.0,4.0,3.0261757317585527,11.637883717611976,4.0,2.381970968516009,45.95546466712111,False
clini_NP3GAIT,4757.0,0.6859365146100483,0.693109962310726,0.0,0.0,1.0,1.0,4.0,0.9678600234496488,1.6433027660252866,4.0,1.010457888664457,45.95546466712111,False
clini_NP3FRZGT,4757.0,0.06264452385957536,0.36144391184056757,0.0,0.0,0.0,0.0,4.0,7.323793328430566,61.798428155400636,4.0,5.769760700085839,45.95546466712111,False
clini_NP3PSTBL,4757.0,0.16691191927685517,0.5408991548620529,0.0,0.0,0.0,0.0,4.0,3.9917609299467234,17.72325710163531,4.0,3.240626296824667,45.95546466712111,False
clini_NP3POSTR,4757.0,0.6546142526802606,0.7917694804998369,0.0,0.0,0.0,1.0,4.0,1.0799417071053368,0.6664421884988054,4.0,1.2095206868136559,45.95546466712111,False
clini_NP3BRADY,4757.0,1.062854740382594,0.8884605562036447,0.0,0.0,1.0,2.0,4.0,0.4006853276535592,-0.634058672150867,4.0,0.8359190794819498,45.95546466712111,False
clini_NP3PTRMR,4757.0,0.37923060752575155,0.65779085640521,0.0,0.0,0.0,1.0,4.0,1.8501056960331708,3.419515472349682,4.0,1.7345405232370197,45.95546466712111,False
clini_NP3PTRML,4757.0,0.3352953542148413,0.5793263231130336,0.0,0.0,0.0,1.0,3.0,1.7094316763924253,2.7228922995307596,3.0,1.7278089774600003,45.95546466712111,False
clini_NP3KTRMR,4757.0,0.3195291149884381,0.5503106671375212,0.0,0.0,0.0,1.0,3.0,1.5627416922455915,1.7350586218668416,3.0,1.7222551602455185,45.95546466712111,False
clini_NP3KTRML,4757.0,0.36850956485179737,0.5743689140756434,0.0,0.0,0.0,1.0,3.0,1.3214435665578301,0.8866249835328848,3.0,1.5586268820637967,45.95546466712111,False
clini_NP3RTARU,4757.0,0.6602900988017658,1.0113972880512738,0.0,0.0,0.0,1.0,4.0,1.2383246894569762,0.16536092963927063,4.0,1.5317468638204106,45.95546466712111,False
clini_NP3RTALU,4757.0,0.5150304813958377,0.875584068021144,0.0,0.0,0.0,1.0,4.0,1.5268430757888338,1.1761999368823477,4.0,1.7000626169700332,45.95546466712111,False
clini_NP3RTARL,4757.0,0.20075677948286735,0.5493472836903377,0.0,0.0,0.0,0.0,3.0,2.898092105733627,8.015358053590651,3.0,2.736382228811452,45.95546466712111,False
clini_NP3RTALL,4757.0,0.16249737229346226,0.4860089457796747,0.0,0.0,0.0,0.0,3.0,3.212005693041639,10.221137847590468,3.0,2.990872645632487,45.95546466712111,False
clini_NP3RTALJ,4757.0,0.06222409081353794,0.30539777764457027,0.0,0.0,0.0,0.0,4.0,5.775338325415793,38.938716303093805,4.0,4.908031176537908,45.95546466712111,False
clini_NP3RTCON,4757.0,1.2722303973092286,1.414693828413294,0.0,0.0,1.0,2.0,4.0,0.7093128431125177,-0.9026387529976425,4.0,1.1119792699540711,45.95546466712111,False
NP3TOT,4757.0,20.636115198654615,14.389387818572638,0.0,10.0,20.0,30.0,90.0,0.4653075607204174,0.012071792433980821,90.0,0.6972915047261785,45.95546466712111,False
clini_DYSKPRES,4757.0,0.020601219255833508,0.1420600274935394,0.0,0.0,0.0,0.0,1.0,6.752081202176248,43.608935022987716,1.0,6.895709701905786,45.95546466712111,False
clini_DYSKIRAT,537.0,0.0223463687150838,0.14794515154133195,0.0,0.0,0.0,0.0,1.0,6.481310774182497,40.156936779626264,1.0,6.620545531474605,93.89911383776415,False
NHY,4757.0,1.4834980029430314,1.6802890957125585,0.0,1.0,2.0,2.0,101.0,43.62521512296216,2587.4937170909943,101.0,1.1326534261449115,45.95546466712111,False
clini_priority,4757.0,1.1036367458482237,0.9510636651140962,0.0,0.0,2.0,2.0,2.0,-0.20779246362732826,-1.8626232171971133,2.0,0.8617542580852868,45.95546466712111,False
Geria_GDSSATIS,5603.0,0.9148670355166875,0.2791043639449721,0.0,1.0,1.0,1.0,1.0,-2.9739067493998568,6.846565119444714,1.0,0.30507642434328497,36.344012724380825,False
Geria_GDSDROPD,5603.0,0.1772264858111726,0.3818943414586191,0.0,0.0,0.0,0.0,1.0,1.6909848343354505,0.8597364668706695,1.0,2.154837860214142,36.344012724380825,False
Geria_GDSEMPTY,5602.0,0.05980007140307033,0.23713721992720369,0.0,0.0,0.0,0.0,1.0,3.713943707295916,11.797589654367869,1.0,3.9655006150214778,36.35537377868666,False
Geria_GDSBORED,5602.0,0.1344162799000357,0.341129471629295,0.0,0.0,0.0,0.0,1.0,2.1441377314458885,2.598254100587751,1.0,2.537858300222192,36.35537377868666,False
Geria_GDSGSPIR,5602.0,0.9069975008925384,0.2904618643121899,0.0,1.0,1.0,1.0,1.0,-2.803416951873985,5.861239031018901,1.0,0.3202454957443196,36.35537377868666,False
Geria_GDSAFRAD,5603.0,0.15670176691058363,0.3635518013855812,0.0,0.0,0.0,0.0,1.0,1.8892538361920674,1.5698402872190846,1.0,2.3200236254708555,36.344012724380825,False
Geria_GDSHAPPY,5602.0,0.8743305962156372,0.33150599098059635,0.0,1.0,1.0,1.0,1.0,-2.259170548360942,3.1049599575405433,1.0,0.3791540550170071,36.35537377868666,False
Geria_GDSHLPLS,5603.0,0.0842405854006782,0.27777307282683383,0.0,0.0,0.0,0.0,1.0,2.994587411669537,6.970041606584891,1.0,3.2973782352727756,36.344012724380825,False
Geria_GDSHOME,5602.0,0.31345947875758656,0.46394078944977346,0.0,0.0,0.0,1.0,1.0,0.8044437872274868,-1.3533534886763023,1.0,1.4800662314906783,36.35537377868666,False
Geria_GDSMEMRY,5603.0,0.22809209352132787,0.41963974971751006,0.0,0.0,0.0,0.0,1.0,1.2963738506202453,-0.31952902327919386,1.0,1.839782095201259,36.344012724380825,False
Geria_GDSALIVE,5602.0,0.9075330239200285,0.28970988400149267,0.0,1.0,1.0,1.0,1.0,-2.8143918722943613,5.922916055447004,1.0,0.31922792489700275,36.35537377868666,False
Geria_GDSWRTLS,5602.0,0.062120671188861123,0.24139613794803144,0.0,0.0,0.0,0.0,1.0,3.6291857691610314,11.17497885885961,1.0,3.8859228873128506,36.35537377868666,False
Geria_GDSENRGY,5602.0,0.5324883970010711,0.4989879262057969,0.0,0.0,1.0,1.0,1.0,-0.13026367289935656,-1.983739728587443,1.0,0.9370869469007288,36.35537377868666,False
Geria_GDSHOPLS,5602.0,0.06640485540878258,0.24901068087703948,0.0,0.0,0.0,0.0,1.0,3.4837863056499505,10.140387170073648,1.0,3.7498866512719764,36.35537377868666,False
Geria_GDSBETER,5602.0,0.09925026776151374,0.2990244362658804,0.0,0.0,0.0,0.0,1.0,2.6813384360761714,5.19142910130104,1.0,3.012832539499032,36.35537377868666,False
Neuro_MTRRSP,4119.0,0.05316824471959213,0.2705184319988105,0.0,0.0,0.0,0.0,3.0,6.655553222775075,55.87381793205405,3.0,5.087969960744751,53.20381731424676,False
Neuro_CORDRSP,4119.0,0.03520271910657927,0.22360441165481806,0.0,0.0,0.0,0.0,3.0,8.15084847830493,82.27840279865619,3.0,6.351907390387556,53.20381731424676,False
Neuro_SENRSP,4119.0,0.1206603544549648,0.3951600716584284,0.0,0.0,0.0,0.0,3.0,4.012168120542978,19.479868692814406,3.0,3.2749785415715627,53.20381731424676,False
Neuro_RFLXRSP,4119.0,0.2573440155377519,0.4955399289243251,0.0,0.0,0.0,0.0,3.0,2.0587023280056735,5.252313979119559,3.0,1.9255933653200896,53.20381731424676,False
Neuro_PLRRRSP,1882.0,0.26461211477151964,0.7196723687655269,0.0,0.0,0.0,0.0,4.0,2.5811213268957665,5.508760379744919,4.0,2.7197256988287584,78.6184957964099,False
Neuro_PLRLRSP,1882.0,0.2630180658873539,0.7213631056104617,0.0,0.0,0.0,0.0,4.0,2.6206750424683745,5.781733860069782,4.0,2.742637100523008,78.6184957964099,False
Neuro_GAITRSP,2237.0,0.06839517210549843,0.2857181413413033,0.0,0.0,0.0,0.0,3.0,5.197577727681277,35.332626917661415,3.0,4.1774606678463755,74.58532151783686,False
Neuro_MNTLRSP,2237.0,0.012963790791238265,0.11314350851180331,0.0,0.0,0.0,0.0,1.0,8.616880317854548,72.31527944209266,1.0,8.727656156582897,74.58532151783686,False
Neuro_CNRSP,4119.0,0.4102937606215101,0.7293545924662699,0.0,0.0,0.0,1.0,3.0,1.5098339927003064,0.849245240880208,3.0,1.777639980099743,53.20381731424676,False
SCOPA_PTCGBOTH,5609.0,1.0855767516491353,0.40125586534489827,1.0,1.0,1.0,1.0,3.0,4.519034943421198,18.536477885667374,2.0,0.3696245933190236,36.27584639854579,False
SCOPA_SCAU1,5607.0,0.2939183163902265,0.5437713035573004,0.0,0.0,0.0,1.0,3.0,1.9133490284246095,3.8733764406337805,3.0,1.85007627369283,36.29856850715746,False
SCOPA_SCAU2,5608.0,0.41743937232524964,0.6407167865789013,0.0,0.0,0.0,1.0,3.0,1.6147182082159892,2.773578085956991,3.0,1.5348738740429213,36.287207452851625,False
SCOPA_SCAU3,5608.0,0.20970042796005706,0.46327443546322217,0.0,0.0,0.0,0.0,3.0,2.370762117697645,6.492186353816136,3.0,2.209220267072917,36.287207452851625,False
SCOPA_SCAU4,5608.0,0.3464693295292439,0.6457127123210319,0.0,0.0,0.0,1.0,3.0,2.0793836733676496,4.423461965097291,3.0,1.86369371626163,36.287207452851625,False
SCOPA_SCAU5,5608.0,0.5766761768901569,0.8602168987432192,0.0,0.0,0.0,1.0,3.0,1.4453130978421003,1.209962218603231,3.0,1.4916810043759965,36.287207452851625,False
SCOPA_SCAU6,5608.0,0.7257489300998573,0.8429569362537926,0.0,0.0,1.0,1.0,3.0,1.1156819886442861,0.6989339887398724,3.0,1.1614993853836042,36.287207452851625,False
SCOPA_SCAU7,5601.0,0.06266738082485271,0.27353628295845506,0.0,0.0,0.0,0.0,3.0,5.139553869591863,32.48801011457119,3.0,4.364890942593466,36.366734832992506,False
SCOPA_SCAU8,5605.0,0.511864406779661,0.8568551525719746,0.0,0.0,0.0,1.0,9.0,3.559681458893354,25.601339487035307,9.0,1.6739885431041888,36.32129061576914,False
SCOPA_SCAU9,5605.0,0.37716324710080285,0.7399911375066005,0.0,0.0,0.0,1.0,9.0,4.502721234242251,40.04537223828586,9.0,1.961991639415561,36.32129061576914,False
SCOPA_SCAU10,5606.0,0.5759900107028184,0.8444739037000711,0.0,0.0,0.0,1.0,9.0,3.3153324990975586,24.36513837036002,9.0,1.4661259535901514,36.309929561463306,False
SCOPA_SCAU11,5606.0,0.6154120585087406,0.8864958125773574,0.0,0.0,0.0,1.0,9.0,2.9525075164586676,19.505388912669503,9.0,1.4404914566112075,36.309929561463306,False
SCOPA_SCAU12,5606.0,1.1250445950767036,0.913311581224107,0.0,1.0,1.0,1.0,9.0,1.843766834924305,10.999057176548524,9.0,0.8118003368229497,36.309929561463306,False
SCOPA_SCAU13,5606.0,1.5089190153407064,1.0095930632178418,0.0,1.0,1.0,2.0,9.0,0.9403083177824059,5.636276212274083,9.0,0.6690836638372409,36.309929561463306,False
SCOPA_SCAU14,5605.0,0.31793041926851023,0.5797326405220845,0.0,0.0,0.0,1.0,3.0,1.976588623450018,4.277456831076073,3.0,1.8234576038868036,36.32129061576914,False
SCOPA_SCAU15,5605.0,0.17644959857270295,0.4639947241455478,0.0,0.0,0.0,0.0,3.0,3.1121068912118877,11.447140355403599,3.0,2.62961620711405,36.32129061576914,False
SCOPA_SCAU16,5605.0,0.028367528991971452,0.1872495057120688,0.0,0.0,0.0,0.0,3.0,7.780168503694464,73.65876865765155,3.0,6.600839493812237,36.32129061576914,False
SCOPA_SCAU17,5605.0,0.27903657448706515,0.6304755574434179,0.0,0.0,0.0,0.0,3.0,2.592344157694012,6.833318993558612,3.0,2.25947282574831,36.32129061576914,False
SCOPA_SCAU18,5605.0,0.3025869759143622,0.596625726155734,0.0,0.0,0.0,0.0,3.0,2.234035744594311,5.41798477567105,3.0,1.971749525414439,36.32129061576914,False
SCOPA_SCAU19,5605.0,0.4312221231043711,0.7159765607090675,0.0,0.0,0.0,1.0,3.0,1.7670491946672866,2.820878122601617,3.0,1.6603428311023265,36.32129061576914,False
SCOPA_SCAU20,5604.0,0.5046395431834404,0.7631153648855714,0.0,0.0,0.0,1.0,3.0,1.535550505056506,1.8484830303272708,3.0,1.5121989055228933,36.33265167007498,False
SCOPA_SCAU21,5602.0,0.38361299535880045,0.7058578162315798,0.0,0.0,0.0,1.0,3.0,1.9903796737541086,3.6309098132756907,3.0,1.8400258196972128,36.35537377868666,False
SCOPA_SCAU22,4115.0,2.667071688942892,3.5269601346496415,0.0,0.0,1.0,3.0,9.0,1.1047625899035276,-0.5252770698144253,9.0,1.3224091985497288,53.24926153147012,False
SCOPA_SCAU23,4106.0,2.667559668777399,3.6895751003226795,0.0,0.0,1.0,3.0,9.0,1.043817691961944,-0.7442051975174779,9.0,1.3831274867091137,53.351511020222674,False
SCOPA_SCAU23A,3718.0,0.14981172673480367,0.3569347834800928,0.0,0.0,0.0,0.0,1.0,1.9632535993075704,1.8553624491743732,1.0,2.382555700141804,57.759600090888426,False
SCOPA_SCAU24,3244.0,5.468249075215783,4.110924566052363,0.0,1.0,9.0,9.0,9.0,-0.3479263389888023,-1.8062962988496045,9.0,0.7517807820211887,63.1447398318564,False
SCOPA_SCAU25,3243.0,5.382670366944187,4.153074497725623,0.0,1.0,9.0,9.0,9.0,-0.31052477322841804,-1.8471541411419143,9.0,0.7715639663224219,63.156100886162235,False
SCOPA_SCAU26A,5600.0,0.19785714285714287,0.3984194271821024,0.0,0.0,0.0,0.0,1.0,1.5172493269027945,0.30215330431445553,1.0,2.0136721951441996,36.378095887298336,False
SCOPA_SCAU26B,5600.0,0.12857142857142856,0.33475487627296563,0.0,0.0,0.0,0.0,1.0,2.219900579311275,2.929004527565009,1.0,2.603649037678622,36.378095887298336,False
SCOPA_SCAU26C,5602.0,0.3314887540164227,0.4707903196196597,0.0,0.0,0.0,1.0,1.0,0.7161210481456521,-1.4877019043378967,1.0,1.420230140285048,36.35537377868666,False
SCOPA_SCAU26D,5593.0,0.3195065260146612,0.4663271242045866,0.0,0.0,0.0,1.0,1.0,0.7743836047051691,-1.400831083658537,1.0,1.4595230026168176,36.45762326743922,False
Unive_SCENT_01_CORRECT,768.0,0.375,0.4844384105989373,0.0,0.0,0.0,1.0,1.0,0.5174088925039302,-1.7368178069022793,1.0,1.291835761597166,91.2747102931152,False
Unive_SCENT_01_RESPONSE,768.0,2.6263020833333335,1.0697626111525418,1.0,2.0,2.0,4.0,4.0,0.043904455193684834,-1.318096342750559,3.0,0.4073265668642301,91.2747102931152,False
Unive_SCENT_02_CORRECT,769.0,0.5981794538361509,0.49058512475348137,0.0,0.0,1.0,1.0,1.0,-0.4012981962781946,-1.84376176594795,1.0,0.8201303498596242,91.26334923880937,False
Unive_SCENT_02_RESPONSE,769.0,2.0650195058517555,0.7928300317561406,1.0,2.0,2.0,2.0,4.0,0.8110815749170261,0.6457373238248887,3.0,0.3839334347735971,91.26334923880937,False
Unive_SCENT_03_CORRECT,768.0,0.6458333333333334,0.4785716833970646,0.0,0.0,1.0,1.0,1.0,-0.6110436713632232,-1.6308795187359177,1.0,0.7410142194535193,91.2747102931152,False
Unive_SCENT_03_RESPONSE,768.0,3.3372395833333335,1.0082158896805085,1.0,3.0,4.0,4.0,4.0,-1.2260602269105754,0.07304830287088038,3.0,0.3021107308913892,91.2747102931152,False
Unive_SCENT_04_CORRECT,768.0,0.5377604166666666,0.4988970206159656,0.0,0.0,1.0,1.0,1.0,-0.15177083152813922,-1.9821342306642808,1.0,0.9277310213875584,91.2747102931152,False
Unive_SCENT_04_RESPONSE,768.0,3.0690104166666665,1.1528223107679079,1.0,2.0,4.0,4.0,4.0,-0.774949881561256,-0.9698979222038391,3.0,0.375633234904435,91.2747102931152,False
Unive_SCENT_05_CORRECT,768.0,0.6640625,0.47262495502196833,0.0,0.0,1.0,1.0,1.0,-0.6960735351401542,-1.519445326532304,1.0,0.7117175793271994,91.2747102931152,False
Unive_SCENT_05_RESPONSE,768.0,2.6848958333333335,0.8588406664268765,1.0,3.0,3.0,3.0,4.0,-0.9309700089556007,0.04280127497355801,3.0,0.31987857993008784,91.2747102931152,False
Unive_SCENT_06_CORRECT,767.0,0.6101694915254238,0.4880299261654258,0.0,0.0,1.0,1.0,1.0,-0.4526669796984045,-1.7997925001500208,1.0,0.7998268234377811,91.28607134742104,False
Unive_SCENT_06_RESPONSE,767.0,2.392438070404172,0.867814502932017,1.0,2.0,2.0,3.0,4.0,0.7359651266199125,-0.3418437539560184,3.0,0.3627322745225379,91.28607134742104,False
Unive_SCENT_07_CORRECT,767.0,0.5475880052151239,0.49805501312219136,0.0,0.0,1.0,1.0,1.0,-0.19159497261780592,-1.968430997950528,1.0,0.9095433215826685,91.28607134742104,False
Unive_SCENT_07_RESPONSE,767.0,2.0521512385919167,1.249498045669128,1.0,1.0,1.0,3.0,4.0,0.5413233794113363,-1.4365600122117477,3.0,0.6088723005261888,91.28607134742104,False
Unive_SCENT_08_CORRECT,766.0,0.664490861618799,0.47247665009363277,0.0,0.0,1.0,1.0,1.0,-0.6981147785225079,-1.5166023929724486,1.0,0.7110355873707714,91.29743240172688,False
Unive_SCENT_08_RESPONSE,766.0,2.137075718015666,0.7793134649242427,1.0,2.0,2.0,2.0,4.0,0.9857083708090751,0.9857407728456327,3.0,0.3646634783946059,91.29743240172688,False
Unive_SCENT_09_CORRECT,766.0,0.6488250652741514,0.4776493949763127,0.0,0.0,1.0,1.0,1.0,-0.6247873911502121,-1.6138612933781402,1.0,0.7361759286757656,91.29743240172688,False
Unive_SCENT_09_RESPONSE,766.0,2.7193211488250655,0.7759910778725253,1.0,2.0,3.0,3.0,4.0,-0.8812008193054516,0.4536774945774624,3.0,0.2853620574413607,91.29743240172688,False
Unive_SCENT_10_CORRECT,767.0,0.5319426336375489,0.4993042227816343,0.0,0.0,1.0,1.0,1.0,-0.1282830880637514,-1.9887360276023107,1.0,0.9386429874350821,91.28607134742104,False
Unive_SCENT_10_RESPONSE,767.0,2.195567144719687,0.8957871578868768,1.0,2.0,2.0,3.0,4.0,0.6439466226528064,-0.22216377315230673,3.0,0.4079980701301868,91.28607134742104,False
Unive_SCENT_11_CORRECT,765.0,0.7712418300653595,0.42030797774217243,0.0,1.0,1.0,1.0,1.0,-1.294064506152202,-0.32625685989442177,1.0,0.5449755982589185,91.30879345603272,False
Unive_SCENT_11_RESPONSE,765.0,2.854901960784314,0.7004991840593948,1.0,3.0,3.0,3.0,4.0,-1.4411444847188049,2.4024669000927514,3.0,0.24536715925157374,91.30879345603272,False
Unive_SCENT_12_CORRECT,765.0,0.6039215686274509,0.48940105944085305,0.0,0.0,1.0,1.0,1.0,-0.4258019845134423,-1.8234667636144148,1.0,0.8103718841390749,91.30879345603272,False
Unive_SCENT_12_RESPONSE,765.0,2.037908496732026,0.7639630874237547,1.0,2.0,2.0,2.0,4.0,0.7836332534145414,0.7788328247430583,3.0,0.3748760499545686,91.30879345603272,False
Unive_SCENT_13_CORRECT,736.0,0.5040760869565217,0.5003233943808777,0.0,0.0,1.0,1.0,1.0,-0.016338206473627298,-2.0051893615786534,1.0,0.9925553052946792,91.63826403090208,False
Unive_SCENT_13_RESPONSE,736.0,1.7622282608695652,0.9600098820722768,1.0,1.0,1.0,2.0,4.0,1.1935940867829966,0.4357511695659464,3.0,0.5447704496570515,91.63826403090208,False
Unive_SCENT_14_CORRECT,766.0,0.6005221932114883,0.4901110866779033,0.0,0.0,1.0,1.0,1.0,-0.41127549673395314,-1.835652133636886,1.0,0.8161415052071173,91.29743240172688,False
Unive_SCENT_14_RESPONSE,766.0,3.1305483028720626,1.1820803472425152,1.0,2.0,4.0,4.0,4.0,-0.8778615018786066,-0.905029176654705,3.0,0.3775953069173339,91.29743240172688,False
Unive_SCENT_15_CORRECT,765.0,0.5764705882352941,0.49444091673492113,0.0,0.0,1.0,1.0,1.0,-0.31013224347586266,-1.9088152191673158,1.0,0.8577036310707816,91.30879345603272,False
Unive_SCENT_15_RESPONSE,765.0,2.156862745098039,0.8811407338879178,1.0,2.0,2.0,2.0,4.0,0.7939786373194936,0.08758975116320666,3.0,0.408528885711671,91.30879345603272,False
Unive_SCENT_16_CORRECT,766.0,0.5848563968668408,0.49306873429249637,0.0,0.0,1.0,1.0,1.0,-0.34509806894770045,-1.8858380247647346,1.0,0.8430594876519022,91.29743240172688,False
Unive_SCENT_16_RESPONSE,766.0,3.2258485639686683,1.067602652108351,1.0,3.0,4.0,4.0,4.0,-1.066943438252071,-0.3090093867847923,3.0,0.330952501624847,91.29743240172688,False
Unive_SCENT_17_CORRECT,765.0,0.5869281045751634,0.49270766085491297,0.0,0.0,1.0,1.0,1.0,-0.35378367428476837,-1.8797583735508498,1.0,0.839468509028972,91.30879345603272,False
Unive_SCENT_17_RESPONSE,765.0,2.026143790849673,1.3151737906892673,1.0,1.0,1.0,4.0,4.0,0.6509303129418945,-1.4144547328551287,3.0,0.6491019031466384,91.30879345603272,False
Unive_SCENT_18_CORRECT,762.0,0.6272965879265092,0.4838417098854472,0.0,0.0,1.0,1.0,1.0,-0.5275757601699372,-1.7262014433360853,1.0,0.7713125165956293,91.34287661895024,False
Unive_SCENT_18_RESPONSE,762.0,1.8517060367454068,1.2251432816804821,1.0,1.0,1.0,3.0,4.0,0.9641122107374761,-0.8354428083599408,3.0,0.6616294689160365,91.34287661895024,False
Unive_SCENT_19_CORRECT,765.0,0.7712418300653595,0.4203079777421725,0.0,1.0,1.0,1.0,1.0,-1.2940645061522014,-0.326256859894424,1.0,0.5449755982589185,91.30879345603272,False
Unive_SCENT_19_RESPONSE,765.0,2.2601307189542483,0.7389978240409842,1.0,2.0,2.0,2.0,4.0,1.4565393145386543,1.4380837114248863,3.0,0.32697127552999017,91.30879345603272,False
Unive_SCENT_20_CORRECT,764.0,0.5863874345549738,0.4928032916874612,0.0,0.0,1.0,1.0,1.0,-0.3515162122061377,-1.881368279192462,1.0,0.840405613502724,91.32015451033855,False
Unive_SCENT_20_RESPONSE,764.0,2.608638743455497,0.7865039389562526,1.0,2.0,3.0,3.0,4.0,-0.6618771551051883,-0.09232829908085272,3.0,0.3014997538196573,91.32015451033855,False
Unive_SCENT_21_CORRECT,765.0,0.7019607843137254,0.4576960553559417,0.0,0.0,1.0,1.0,1.0,-0.8848237515291922,-1.2202840687416414,1.0,0.652025106791984,91.30879345603272,False
Unive_SCENT_21_RESPONSE,765.0,1.423529411764706,0.7368182540582155,1.0,1.0,1.0,2.0,4.0,1.7416142901096374,2.3485441903076913,3.0,0.5175995999582506,91.30879345603272,False
Unive_SCENT_22_CORRECT,766.0,0.7075718015665796,0.45517515633256067,0.0,0.0,1.0,1.0,1.0,-0.9144399923884243,-1.1668529502443326,1.0,0.6432918261083791,91.29743240172688,False
Unive_SCENT_22_RESPONSE,766.0,1.5195822454308094,0.909791519836669,1.0,1.0,1.0,2.0,4.0,1.5864509477499737,1.2341973818951772,3.0,0.5987116015420003,91.29743240172688,False
Unive_SCENT_23_CORRECT,765.0,0.7163398692810458,0.4510687593914433,0.0,0.0,1.0,1.0,1.0,-0.9617467037947084,-1.0778680871140154,1.0,0.6296854031650623,91.30879345603272,False
Unive_SCENT_23_RESPONSE,765.0,2.2483660130718954,0.6316380034717387,1.0,2.0,2.0,2.0,4.0,1.151747394407911,1.600845270005863,3.0,0.2809320189859768,91.30879345603272,False
Unive_SCENT_24_CORRECT,767.0,0.6883963494132985,0.4634510228006393,0.0,0.0,1.0,1.0,1.0,-0.8151406711649111,-1.3390441469172663,1.0,0.6732328304698681,91.28607134742104,False
Unive_SCENT_24_RESPONSE,767.0,1.7822685788787485,1.2298712772402707,1.0,1.0,1.0,3.0,4.0,1.066470753799313,-0.7000450040514301,3.0,0.690059451092383,91.28607134742104,False
Unive_SCENT_25_CORRECT,766.0,0.5104438642297651,0.5002175331841006,0.0,0.0,1.0,1.0,1.0,-0.041866602003444366,-2.003485063065004,1.0,0.9799658066982634,91.29743240172688,False
Unive_SCENT_25_RESPONSE,766.0,2.3929503916449084,0.932157475065296,1.0,2.0,2.0,3.0,4.0,0.46425693040911825,-0.6911215006968243,3.0,0.3895431674304511,91.29743240172688,False
Unive_SCENT_26_CORRECT,766.0,0.5313315926892951,0.49934341435340235,0.0,0.0,1.0,1.0,1.0,-0.12581967304454172,-1.989370432355808,1.0,0.9397962049009979,91.29743240172688,False
Unive_SCENT_26_RESPONSE,766.0,2.6096605744125325,0.9177184780209601,1.0,2.0,3.0,3.0,4.0,-0.5137409032310795,-0.6172841323277423,3.0,0.35166200808607073,91.29743240172688,False
Unive_SCENT_27_CORRECT,752.0,0.651595744680851,0.47678194049635103,0.0,0.0,1.0,1.0,1.0,-0.6376080429630416,-1.597712316260701,1.0,0.7317143250066449,91.45648716200864,False
Unive_SCENT_27_RESPONSE,752.0,3.139627659574468,1.2557930188469204,1.0,2.0,4.0,4.0,4.0,-0.9203260706395078,-0.9791500713462109,3.0,0.39998151214438127,91.45648716200864,False
Unive_SCENT_28_CORRECT,765.0,0.5163398692810458,0.5000598807519747,0.0,0.0,1.0,1.0,1.0,-0.0655229523484375,-2.0009448328856663,1.0,0.9684704019626851,91.30879345603272,False
Unive_SCENT_28_RESPONSE,765.0,2.433986928104575,0.9933788260152815,1.0,2.0,2.0,3.0,4.0,0.46039553314567494,-0.9337808717463192,3.0,0.4081282502157306,91.30879345603272,False
Unive_SCENT_29_CORRECT,765.0,0.47843137254901963,0.4998613913204335,0.0,0.0,0.0,1.0,1.0,0.08652464144059467,-1.9977432062994713,1.0,1.0447922523500863,91.30879345603272,False
Unive_SCENT_29_RESPONSE,765.0,2.3019607843137253,1.0629696737235397,1.0,2.0,2.0,3.0,4.0,0.5418854470271111,-0.9541099400014699,3.0,0.4617670643943827,91.30879345603272,False
Unive_SCENT_30_CORRECT,764.0,0.5314136125654451,0.4993391088302397,0.0,0.0,1.0,1.0,1.0,-0.1261509961272981,-1.989300398596894,1.0,0.9396430520844904,91.32015451033855,False
Unive_SCENT_30_RESPONSE,764.0,3.06282722513089,1.1187572052931931,1.0,2.0,4.0,4.0,4.0,-0.6702208815037896,-1.0902299710737098,3.0,0.36526944651452975,91.32015451033855,False
Unive_SCENT_31_CORRECT,765.0,0.7477124183006536,0.43460955687459957,0.0,0.0,1.0,1.0,1.0,-1.1429188616980528,-0.6955617879359659,1.0,0.5812522919738963,91.30879345603272,False
Unive_SCENT_31_RESPONSE,765.0,3.4862745098039216,0.9742132564527913,1.0,3.0,4.0,4.0,4.0,-1.6687920737321742,1.27260880583156,3.0,0.2794424976326904,91.30879345603272,False
Unive_SCENT_32_CORRECT,766.0,0.52088772845953,0.49988991774418134,0.0,0.0,1.0,1.0,1.0,-0.08378808066971506,-1.9982036433112274,1.0,0.959688413513892,91.29743240172688,False
Unive_SCENT_32_RESPONSE,766.0,2.5430809399477807,0.9661447739128517,1.0,2.0,3.0,3.0,4.0,-0.4535677344083842,-0.8892837629869526,3.0,0.37991113799653203,91.29743240172688,False
Unive_SCENT_33_CORRECT,767.0,0.6923076923076923,0.4618396285927209,0.0,0.0,1.0,1.0,1.0,-0.8349671426155255,-1.306242799621303,1.0,0.6671016857450413,91.28607134742104,False
Unive_SCENT_33_RESPONSE,767.0,2.851368970013038,0.7378750651195485,1.0,3.0,3.0,3.0,4.0,-1.0475229649047606,1.3344273008008734,3.0,0.258779229513806,91.28607134742104,False
Unive_SCENT_34_CORRECT,570.0,0.612280701754386,0.48765792825217597,0.0,0.0,1.0,1.0,1.0,-0.4621110405889333,-1.7927561305374111,1.0,0.7964613727900868,93.52419904567144,False
Unive_SCENT_34_RESPONSE,570.0,1.8,1.1211342486584461,1.0,1.0,1.0,3.0,4.0,0.978296263425989,-0.638479146530694,3.0,0.6228523603658034,93.52419904567144,False
Unive_SCENT_35_CORRECT,765.0,0.6091503267973856,0.4882600099536304,0.0,0.0,1.0,1.0,1.0,-0.4482711378918847,-1.8037756002212175,1.0,0.8015427202028482,91.30879345603272,False
Unive_SCENT_35_RESPONSE,765.0,3.275816993464052,1.0031381482504003,1.0,2.0,4.0,4.0,4.0,-0.9869985825551051,-0.4775619833578255,3.0,0.306225332566463,91.30879345603272,False
Unive_SCENT_36_CORRECT,765.0,0.39738562091503266,0.4896771711974372,0.0,0.0,0.0,1.0,1.0,0.42020890998592536,-1.8282109687916748,1.0,1.2322468288356563,91.30879345603272,False
Unive_SCENT_36_RESPONSE,765.0,2.973856209150327,1.0432261706703272,1.0,2.0,3.0,4.0,4.0,-0.6551139402915868,-0.7916762579774654,3.0,0.3507991299177144,91.30879345603272,False
Unive_SCENT_37_CORRECT,722.0,0.7313019390581718,0.44358984469353696,0.0,0.0,1.0,1.0,1.0,-1.0457608406463315,-0.9089097133150621,1.0,0.6065755073271472,91.79731879118383,False
Unive_SCENT_37_RESPONSE,722.0,1.5083102493074791,0.9395384549487787,1.0,1.0,1.0,2.0,4.0,1.67635534234795,1.4236092137606935,3.0,0.6229079563572253,91.79731879118383,False
Unive_SCENT_38_CORRECT,767.0,0.5736636245110821,0.49486660546040145,0.0,0.0,1.0,1.0,1.0,-0.29848936394329645,-1.915906770453438,1.0,0.8626424690639272,91.28607134742104,False
Unive_SCENT_38_RESPONSE,767.0,3.2972620599739244,0.9353963781400516,1.0,3.0,4.0,4.0,4.0,-1.0360684993020222,-0.15367989923772996,3.0,0.2836888185185526,91.28607134742104,False
Unive_SCENT_39_CORRECT,766.0,0.5731070496083551,0.4949496643344128,0.0,0.0,1.0,1.0,1.0,-0.29618538854022813,-1.9172870301372609,1.0,0.8636251546245106,91.29743240172688,False
Unive_SCENT_39_RESPONSE,766.0,2.2676240208877285,0.9133269469635141,1.0,2.0,2.0,3.0,4.0,0.7052652177252127,-0.28539003783051387,3.0,0.4027682448900701,91.29743240172688,False
Unive_SCENT_40_CORRECT,765.0,0.7137254901960784,0.4523149911812621,0.0,0.0,1.0,1.0,1.0,-0.9475065760084028,-1.1051273641223873,1.0,0.6337380370946255,91.30879345603272,False
Unive_SCENT_40_RESPONSE,765.0,1.6274509803921569,1.0465747731407256,1.0,1.0,1.0,3.0,4.0,1.2568040400604987,-0.06116750937801063,3.0,0.6430760654238193,91.30879345603272,False
Unive_TOTAL_CORRECT,752.0,24.38962765957447,8.338928896894549,6.0,18.0,24.0,31.0,40.0,-0.026804548565462334,-0.9604871783738287,34.0,0.3419047233228668,91.45648716200864,False
Unive_upsitorder,0.0,,,,,,,,,,,,100.0,False
Unive_UPSITFORM,770.0,1.7727272727272727,0.41934259145495467,1.0,2.0,2.0,2.0,2.0,-1.3041246254108307,-0.30004505713628493,1.0,0.23655223107715392,91.25198818450352,False
Unive_UPSIT_PRCNTGE,752.0,20.6343085106383,24.48468732159454,1.0,4.0,11.0,24.5,98.5,1.7189105591485436,1.993705820967921,97.5,1.186600816255661,91.45648716200864,False
Curre_PROJECTID,2842.0,164.95038705137227,61.269498342686504,104.0,122.0,144.0,182.0,307.0,1.1104840233525457,-0.3134680864630828,203.0,0.37144197984576227,67.71188366280391,False
Kinet_Fmax,97.0,53572.87628865979,18028.33714730885,3318.0,45194.0,53296.0,66966.0,91988.0,-0.675313160262157,0.9419963500282758,88670.0,0.3365198659517382,98.89797773233356,False
Kinet_TTT,97.0,11.605154639175257,5.058601814690263,6.9,8.8,9.9,12.0,33.7,2.4655340558324683,6.241881427945746,26.800000000000004,0.4358926676956165,98.89797773233356,False
Kinet_AUC_Fluoro,97.0,3528582247.453608,1491169279.8062425,18855179.0,2782000000.0,3610000000.0,4684000000.0,6124000000.0,-0.6298636319355142,-0.19060417894653625,6105144821.0,0.42259728560453447,98.89797773233356,False
Kinet_Time_To_Max_Slope,97.0,12.164948453608247,5.106022612993271,7.5,9.3,10.5,12.3,33.8,2.425431736011345,5.945601777573387,26.299999999999997,0.4197323673392774,98.89797773233356,False
Kinet_Max_Slope,97.0,13.891752577319588,5.957919626134417,0.2,10.3,13.5,18.4,29.0,-0.20907566781710968,-0.11392631568712597,28.8,0.42888178384789494,98.89797773233356,False
Kinet_PROJECTID,97.0,299.0,0.0,299.0,299.0,299.0,299.0,299.0,0.0,0.0,0.0,0.0,98.89797773233356,True
SAA_Fmax_24h_Rep1,1116.0,115816.4229390681,69997.4733592973,436.0,77061.25,138461.0,164589.0,260000.0,-0.6911780515910585,-0.8413788540950828,259564.0,0.6043829673113243,87.32106339468302,False
SAA_Fmax_24h_Rep2,1116.0,110063.21953405018,67605.87682852398,424.0,67167.5,133663.5,157404.25,260000.0,-0.6740773945700397,-0.8939453907456998,259576.0,0.6142458590138624,87.32106339468302,False
SAA_Fmax_24h_Rep3,1116.0,111401.8270609319,68364.56286438993,416.0,52113.0,134628.0,159920.25,260000.0,-0.6559406752097919,-0.8983762493687317,259584.0,0.6136754186894755,87.32106339468302,False
SAA_TTT_24h_Rep1,871.0,11.176934557979333,2.9283976072738365,3.33,8.934999999999999,10.83,12.545,23.08,1.0616594655586613,1.6057377195958589,19.75,0.2620036461771374,90.10452169961373,False
SAA_TTT_24h_Rep2,858.0,11.645920745920744,3.0137968088299067,4.56,9.3525,11.364999999999998,13.105,23.83,1.0089165177978274,1.6221141576888947,19.27,0.25878561898041075,90.25221540558964,False
SAA_TTT_24h_Rep3,864.0,11.398715277777777,2.997709027511668,5.38,9.165,11.035,12.9625,23.38,1.001368315613566,1.2391482852012996,18.0,0.2629865694913719,90.1840490797546,False
SAA_AUC_24h_Rep1,1116.0,4136265397.3207884,2748994249.8390317,1985970.0,946905000.0,4927000000.0,6004250000.0,13474000000.0,-0.3154939113541498,-0.8922712635251626,13472014030.0,0.6646078009451851,87.32106339468302,False
SAA_AUC_24h_Rep2,1116.0,3807941604.919355,2591197736.511444,1969010.0,381514000.0,4590000000.0,5701250000.0,10759000000.0,-0.3031591687851054,-1.0384420436282737,10757030990.0,0.6804720254018498,87.32106339468302,False
SAA_AUC_24h_Rep3,1116.0,3911547610.2867384,2669969599.941903,1929700.0,778175750.0,4730500000.0,5761000000.0,11616000000.0,-0.2531143111936517,-0.9958954338103512,11614070300.0,0.6825865018031008,87.32106339468302,False
SAA_TSmax_24h_Rep1,1116.0,11.734964157706095,4.283954765074842,0.75,9.01,11.26,13.51,23.81,0.5324132973467874,0.9389695729886314,23.06,0.3650590412976816,87.32106339468302,False
SAA_TSmax_24h_Rep2,1116.0,12.03429211469534,4.3651517616271285,0.75,9.26,11.985,14.23,23.81,0.32608166179602777,0.7445552078727489,23.06,0.36272609307004816,87.32106339468302,False
SAA_TSmax_24h_Rep3,1116.0,11.975609318996417,4.26647789393415,0.75,9.2575,11.51,14.01,23.81,0.5401096431595431,0.8000095636820146,23.06,0.35626395119339865,87.32106339468302,False
SAA_SLOPEMax_24h_Rep1,1116.0,33.68755376344086,21.397464063770162,0.01,14.842500000000001,40.620000000000005,49.285,90.13,-0.5130146305427544,-0.958836521533847,90.11999999999999,0.6351741718625941,87.32106339468302,False
SAA_SLOPEMax_24h_Rep2,1116.0,31.126747311827963,20.240904340312216,0.01,11.524999999999999,37.295,46.185,80.79,-0.4597102649129963,-1.0392478331359942,80.78,0.6502736741985502,87.32106339468302,False
SAA_SLOPEMax_24h_Rep3,1116.0,31.888306451612902,20.809266388380806,0.01,10.8775,38.254999999999995,46.942499999999995,86.13,-0.4318855049904941,-1.0222812202448441,86.11999999999999,0.652567310840312,87.32106339468302,False
SAA_Fmax_150h_Rep1,365.0,62278.25753424658,48767.52686785665,209.0,344.0,63126.0,99766.0,184313.0,0.10993969896787836,-1.1358069697994841,184104.0,0.7830586274999677,95.85321517836856,False
SAA_Fmax_150h_Rep2,365.0,63998.68219178082,49180.408818756674,214.0,333.0,65404.0,105461.0,171306.0,0.05031975751348506,-1.207964379356648,171092.0,0.7684597109574982,95.85321517836856,False
SAA_Fmax_150h_Rep3,365.0,63464.22739726027,50137.73685202797,216.0,5717.0,63910.0,102852.0,171318.0,0.14106645988479477,-1.1685093788592475,171102.0,0.7900157129178634,95.85321517836856,False
SAA_TTT_150h_Rep1,267.0,67.6298127340824,15.822150682522231,23.71,58.025,64.44,74.065,130.57,1.237030454684548,2.4882841413370866,106.85999999999999,0.2339523065771935,96.96659850034082,False
SAA_TTT_150h_Rep2,267.0,67.40168539325843,15.673864283732362,42.69,57.185,63.64,72.75999999999999,139.32,1.467742956722789,2.662383028774888,96.63,0.23254410022957786,96.96659850034082,False
SAA_TTT_150h_Rep3,275.0,64.56054545454545,16.44140886949176,19.27,55.31,62.33,71.595,145.47,0.9800347704762798,3.113187400054038,126.2,0.2546665111599392,96.87571006589411,False
SAA_AUC_150h_Rep1,267.0,25452119.662921347,5437435.206053801,4051550.0,22954350.0,26453300.0,28876600.0,42141400.0,-0.965613510642585,2.1970164263287937,38089850.0,0.21363388503846528,96.96659850034082,False
SAA_AUC_150h_Rep2,267.0,25494026.292134833,5487910.594348843,1609020.0,23355650.0,26828100.0,28864700.0,35726700.0,-1.2382661511520519,2.0125379403301626,34117680.0,0.21526260824646282,96.96659850034082,False
SAA_AUC_150h_Rep3,275.0,26712441.09090909,5717626.349135069,1265000.0,24371000.0,27321300.0,29896950.0,41292400.0,-0.8067204378550809,2.3173485632861093,40027400.0,0.2140435735422518,96.87571006589411,False
SAA_T50_150h_Rep1,267.0,73.79475655430711,16.10015934857584,26.93,63.56,71.13,81.0,142.92,1.0997419034199294,2.5299872712903535,115.98999999999998,0.21817484195814635,96.96659850034082,False
SAA_T50_150h_Rep2,266.0,73.30936090225565,15.763389779037434,46.3,63.205,69.85,79.7825,127.73,1.130582248879406,1.3436095074311392,81.43,0.21502560634862133,96.97795955464667,False
SAA_T50_150h_Rep3,274.0,69.55281021897811,16.550567638100464,22.38,60.85,67.50999999999999,77.485,131.48,0.5062052894002755,1.5716348099135362,109.1,0.23795685014010395,96.88707112019995,False
SAA_SLOPE_150h_Rep1,267.0,33.822470411985016,14.753462273409529,5.0599,20.0347,34.5723,43.372749999999996,72.2838,0.3362375880253952,-0.5019307192044087,67.2239,0.4362029767104661,96.96659850034082,False
SAA_SLOPE_150h_Rep2,267.0,106.14110374531835,1161.4629908282925,5.531,20.5824,36.0167,46.19255,19011.9855,16.336120902856656,266.9122163724677,19006.4545,10.942631552194708,96.96659850034082,False
SAA_SLOPE_150h_Rep3,275.0,33.88513418181818,15.363637046363857,4.5402,19.48865,34.5463,45.483850000000004,79.4373,0.15522172884337873,-0.7890331078393777,74.8971,0.4534034589896226,96.87571006589411,False
SAA_InstrumentRep1,1481.0,4.149898717083052,2.0412506905391927,2.0,2.0,4.0,5.0,10.0,0.9579210623518891,0.7389685644465644,8.0,0.4918796408539773,83.17427857305158,False
SAA_InstrumentRep2,1481.0,4.149898717083052,2.0412506905391927,2.0,2.0,4.0,5.0,10.0,0.9579210623518891,0.7389685644465644,8.0,0.4918796408539773,83.17427857305158,False
SAA_InstrumentRep3,1481.0,4.149898717083052,2.0412506905391927,2.0,2.0,4.0,5.0,10.0,0.9579210623518891,0.7389685644465644,8.0,0.4918796408539773,83.17427857305158,False
SAA_PROJECTID,1481.0,216.7906819716408,35.3495585756606,155.0,237.0,237.0,237.0,237.0,-1.1778815534316385,-0.6134252650961476,82.0,0.16305847767149334,83.17427857305158,False
Dopam_OFF_SCHEDULE,1731.0,0.0,0.0,0.0,0.0,0.0,0.0,0.0,0.0,0.0,0.0,,80.33401499659169,True
Dopam_DATSCAN,2488.0,0.85008038585209,0.37785502584459973,0.0,1.0,1.0,1.0,2.0,-1.528530126294151,1.7216136596485168,2.0,0.4444932880857514,71.73369688707112,False
Dopam_DATSCANTRC,2192.0,1.0082116788321167,0.0902660750219764,1.0,1.0,1.0,1.0,2.0,10.906366379673276,117.05562940084397,1.0,0.08953087622089242,75.09656896159964,False
Dopam_SCNLOC,2396.0,1.0058430717863105,0.07623224868148767,1.0,1.0,1.0,1.0,2.0,12.975342228039365,166.49848565812562,1.0,0.075789405743089,72.77891388320836,False
Dopam_SCNINJCT,1760.0,1.0,0.0,1.0,1.0,1.0,1.0,1.0,0.0,0.0,0.0,0.0,80.00454442172233,True
Dopam_VSRPTELG,0.0,,,,,,,,,,,,100.0,False
Dopam_DIFFLOC,1354.0,0.0029542097488921715,0.05429235116185123,0.0,0.0,0.0,0.0,1.0,18.33706054117345,334.74223703702074,1.0,18.37796086828664,84.6171324698932,False
Xing_PROTOCOL,1900.0,1.7326315789473685,0.4427027206199066,1.0,1.0,2.0,2.0,2.0,-1.0520681327762127,-0.8940949056680831,1.0,0.255508860625098,78.41399681890479,False
Xing_DATSCAN_NOT_ANALYZED_REASON,8.0,99.0,0.0,99.0,99.0,99.0,99.0,99.0,0.0,0.0,0.0,0.0,99.90911156555329,True
Xing_STRIATUM_REF_CWM,1892.0,0.6944714587737842,0.25842767002381234,0.05,0.52,0.67,0.83,2.0,0.8303962228963594,1.6961135169999682,1.95,0.37212136907701493,78.5048852533515,False
Xing_CAUDATE_REF_CWM,1892.0,0.7205285412262156,0.2948328779890339,-0.2,0.51,0.71,0.91,1.93,0.28218778106245906,0.23442771548828079,2.13,0.409189728261533,78.5048852533515,False
Xing_PUTAMEN_REF_CWM,1892.0,0.6459513742071882,0.3022151494823521,0.02,0.4575,0.59,0.76,2.36,1.579858419012763,3.899969278454091,2.34,0.46786052565222497,78.5048852533515,False
Xing_PRECAUDATE_REF_CWM,1892.0,0.8540961945031713,0.344104809286331,-0.2,0.61,0.84,1.08,2.29,0.3116911204700211,0.2584740697422254,2.49,0.4028876507130408,78.5048852533515,False
Xing_POSCAUDATE_REF_CWM,1892.0,0.3135887949260043,0.17067218971425147,-0.21,0.2,0.31,0.43,0.92,0.1722874360131386,0.032326238155378384,1.1300000000000001,0.5442547453091364,78.5048852533515,False
Xing_PRECOMMISSURAL_PUTAMEN_REF_CWM,1892.0,0.9140909090909091,0.3778951253116924,0.08,0.66,0.86,1.1025,2.86,1.0248340466990324,1.940809029870716,2.78,0.41341087801378584,78.5048852533515,False
Xing_POSCOMMISSURAL_PUTAMEN_REF_CWM,1892.0,0.4322674418604651,0.25932015893576404,-0.03,0.28,0.37,0.5,1.97,2.1993241152863825,6.473531217049015,2.0,0.5999067563813236,78.5048852533515,False
Xing_PREDORSALPUTAMEN_REF_CWM,1892.0,0.929217758985201,0.4254392338069459,0.06,0.64,0.86,1.14,3.24,1.1253156442110965,2.0483670973106407,3.18,0.457846645410187,78.5048852533515,False
Xing_PREVENTRALPUTAMEN_REF_CWM,1892.0,0.8956289640591967,0.3382243985931317,0.05,0.67,0.87,1.08,2.63,0.8128734005350982,1.627966229073445,2.58,0.3776389689991945,78.5048852533515,False
Xing_POSDORSALPUTAMEN_REF_CWM,1892.0,0.4278012684989429,0.2800939002450748,-0.04,0.26,0.36,0.49,2.1,2.2682963570503696,6.6135386901657185,2.14,0.6547290082328657,78.5048852533515,False
Xing_POSVENTRALPUTAMEN_REF_CWM,1892.0,0.4455285412262156,0.21671892454840225,-0.0,0.31,0.41,0.53,1.83,1.8807367024217534,6.333349112464745,1.83,0.4864310689320439,78.5048852533515,False
Xing_STRIATUM_L_REF_CWM,1892.0,0.6847251585623678,0.27115862524286877,0.02,0.5,0.65,0.83,1.98,0.8411415952254152,1.3713988927837595,1.96,0.39601089846353354,78.5048852533515,False
Xing_CAUDATE_L_REF_CWM,1892.0,0.7188266384778013,0.31183511617735354,-0.17,0.5,0.7,0.92,2.04,0.3916593768585633,0.3573814239436799,2.21,0.4338112967511896,78.5048852533515,False
Xing_PUTAMEN_L_REF_CWM,1892.0,0.6306183932346722,0.31392971327302294,-0.02,0.42,0.57,0.76,2.49,1.4453651536807408,3.210130127561412,2.5100000000000002,0.4978124911053779,78.5048852533515,False
Xing_PRECAUDATE_L_REF_CWM,1892.0,0.8530073995771671,0.36496023695989444,-0.16,0.6,0.83,1.08,2.35,0.41208124651347106,0.37251764727002046,2.5100000000000002,0.42785119700110924,78.5048852533515,False
Xing_POSCAUDATE_L_REF_CWM,1892.0,0.3273731501057082,0.18875170184043416,-0.29,0.2,0.315,0.45,1.14,0.3054917172972342,0.2616376021714881,1.43,0.5765643938102027,78.5048852533515,False
Xing_PRECOMMISSURAL_PUTAMEN_L_REF_CWM,1892.0,0.9054756871035942,0.3956453014898744,0.03,0.63,0.84,1.13,3.05,0.9109231309961077,1.4422215416395345,3.02,0.4369474599096654,78.5048852533515,False
Xing_POSCOMMISSURAL_PUTAMEN_L_REF_CWM,1892.0,0.42868393234672303,0.2745759896336753,-0.07,0.26,0.36,0.51,2.09,2.0106527454876737,5.507534739274007,2.1599999999999997,0.6405091698458995,78.5048852533515,False
Xing_PREDORSALPUTAMEN_L_REF_CWM,1892.0,0.9222093023255814,0.44617272796702073,-0.0,0.61,0.85,1.15,3.26,0.9773560179659014,1.4387924720413285,3.26,0.4838085311456788,78.5048852533515,False
Xing_PREVENTRALPUTAMEN_L_REF_CWM,1892.0,0.8860887949260041,0.36012869863180896,0.02,0.64,0.85,1.09,2.94,0.7688208861553987,1.2999055580031027,2.92,0.4064250678871103,78.5048852533515,False
Xing_POSDORSALPUTAMEN_L_REF_CWM,1892.0,0.4214957716701903,0.29543151757920205,-0.09,0.24,0.35,0.51,2.19,2.08546806221138,5.701459328387198,2.28,0.7009121738245329,78.5048852533515,False
Xing_POSVENTRALPUTAMEN_L_REF_CWM,1892.0,0.4495454545454545,0.2379842293888725,-0.14,0.29,0.4,0.56,1.8,1.6296274645828428,4.739593420688481,1.94,0.5293885790247923,78.5048852533515,False
Xing_STRIATUM_R_REF_CWM,1892.0,0.7049471458773784,0.28378503747698863,0.03,0.5,0.67,0.87,2.03,0.7548841024266234,1.0828138165735113,1.9999999999999998,0.40256214829239334,78.5048852533515,False
Xing_CAUDATE_R_REF_CWM,1892.0,0.7222568710359409,0.3187676753724185,-0.24,0.49,0.7,0.94,1.92,0.29244017789940935,-0.008992664761939828,2.16,0.4413494535748847,78.5048852533515,False
Xing_PUTAMEN_R_REF_CWM,1892.0,0.6626162790697675,0.3344440989530042,0.06,0.43,0.6,0.81,2.48,1.344722638226382,2.6239107636531984,2.42,0.5047326929886524,78.5048852533515,False
Xing_PRECAUDATE_R_REF_CWM,1892.0,0.8552272727272727,0.37129570195916795,-0.25,0.5874999999999999,0.83,1.11,2.26,0.3226629444345525,0.009435475237605573,2.51,0.4341485752379322,78.5048852533515,False
Xing_POSCAUDATE_R_REF_CWM,1892.0,0.297669133192389,0.18711794621171124,-0.27,0.17,0.29,0.42,0.96,0.18789570759549465,-0.023468186310870998,1.23,0.6286105119632054,78.5048852533515,False
Xing_PRECOMMISSURAL_PUTAMEN_R_REF_CWM,1892.0,0.9227959830866808,0.41911133936015127,0.08,0.62,0.86,1.16,3.0,0.9286734807122647,1.2601499600027553,2.92,0.4541755133764849,78.5048852533515,False
Xing_POSCOMMISSURAL_PUTAMEN_R_REF_CWM,1892.0,0.4363794926004229,0.28085058114373673,-0.02,0.26,0.37,0.53,2.03,1.8460793110085707,4.526515205625907,2.05,0.6435925287646401,78.5048852533515,False
Xing_PREDORSALPUTAMEN_R_REF_CWM,1892.0,0.9358826638477801,0.4709983691586051,0.02,0.59,0.85,1.2,3.22,1.0102281156603994,1.3530765409107075,3.2,0.5032664749041791,78.5048852533515,False
Xing_PREVENTRALPUTAMEN_R_REF_CWM,1892.0,0.9055443974630022,0.37513934606201416,0.08,0.64,0.86,1.12,2.79,0.76383403784617,1.1093655663721962,2.71,0.4142694130878781,78.5048852533515,False
Xing_POSDORSALPUTAMEN_R_REF_CWM,1892.0,0.43514799154334033,0.3045748990804246,-0.06,0.24,0.36,0.53,2.03,1.8735177615480387,4.460370485180382,2.09,0.6999340569174827,78.5048852533515,False
Xing_POSVENTRALPUTAMEN_R_REF_CWM,1892.0,0.4403594080338266,0.23502394266066512,-0.02,0.29,0.4,0.5325,2.03,1.6380286618889222,4.965417049523284,2.05,0.5337093709659351,78.5048852533515,False
Clini_NEWDIAG,2304.0,3.7864583333333335,8.763475139821535,1.0,1.0,1.0,1.0,97.0,6.749257954149571,64.6620285685267,96.0,2.3144253464177917,73.8241308793456,False
Clini_DIAGSINLV,1787.0,0.005595970900951315,0.07461750276898547,0.0,0.0,0.0,0.0,1.0,13.266538407903,174.19599934591918,1.0,13.334147744817704,79.69779595546467,False
Conco_CMDOSE,0.0,,,,,,,,,,,,100.0,False
Conco_ROUTE,0.0,,,,,,,,,,,,100.0,False
Conco_ONGOING,0.0,,,,,,,,,,,,100.0,False
Conco_CMINDC,0.0,,,,,,,,,,,,100.0,False
Conco_TOTDDOSE,0.0,,,,,,,,,,,,100.0,False
Conco_RECNO,0.0,,,,,,,,,,,,100.0,False
Conco_SEQNO1,0.0,,,,,,,,,,,,100.0,False
Conco_SEQNO2,0.0,,,,,,,,,,,,100.0,False
Featu_FEATBRADY,4704.0,0.8807397959183674,0.34324532924935763,0.0,1.0,1.0,1.0,2.0,-1.8661672960190336,3.187161742164111,2.0,0.3897238785394589,46.55760054533061,False
Featu_FEATPOSINS,4704.0,0.4411139455782313,0.518771296297356,0.0,0.0,0.0,1.0,2.0,0.47888674333678,-1.2186800342909614,2.0,1.176048278449524,46.55760054533061,False
Featu_FEATRIGID,4701.0,0.8464156562433525,0.40347219150864333,0.0,1.0,1.0,1.0,2.0,-1.1421767954596558,1.4081263633291496,2.0,0.4766832802920664,46.59168370824813,False
Featu_FEATTREMOR,4704.0,0.6945153061224489,0.492775468249849,0.0,0.0,1.0,1.0,2.0,-0.45561156555214777,-0.8809681653507311,2.0,0.7095242738436761,46.55760054533061,False
Featu_PSGLVL,3754.0,1.4933404368673415,1.2365270196493312,1.0,1.0,1.0,1.0,5.0,2.324140468945866,3.6470166927966514,4.0,0.8280275475853709,57.35060213587821,False
Initi_DOPTHERST,599.0,0.5191986644407346,0.500048852728681,0.0,0.0,1.0,1.0,1.0,-0.07704439863995126,-2.000755684363778,1.0,0.963116600593183,93.19472847080209,False
LEDD_TOTDDA,0.0,,,,,,,,,,,,100.0,False
LEDD_LEDDSTRMG,0.0,,,,,,,,,,,,100.0,False
LEDD_LEDDOSE,0.0,,,,,,,,,,,,100.0,False
LEDD_LEDDOSFRQ,0.0,,,,,,,,,,,,100.0,False
Medic_RESYR,0.0,,,,,,,,,,,,100.0,False
Medic_MHDIAGYR,0.0,,,,,,,,,,,,100.0,False
Medic_MHCAT,0.0,,,,,,,,,,,,100.0,False
Medic_MHHX,0.0,,,,,,,,,,,,100.0,False
Medic_RESOLVD,0.0,,,,,,,,,,,,100.0,False
PD_DXTREMOR,2.0,0.5,0.7071067811865476,0.0,0.25,0.5,0.75,1.0,,,1.0,1.4142135623730951,99.97727789138831,False
PD_DXRIGID,2.0,1.0,0.0,1.0,1.0,1.0,1.0,1.0,,,0.0,0.0,99.97727789138831,True
PD_DXBRADY,2.0,1.0,0.0,1.0,1.0,1.0,1.0,1.0,,,0.0,0.0,99.97727789138831,True
PD_DXPOSINS,2.0,1.0,0.0,1.0,1.0,1.0,1.0,1.0,,,0.0,0.0,99.97727789138831,True
PD_DXOTHSX,2.0,0.5,0.7071067811865476,0.0,0.25,0.5,0.75,1.0,,,1.0,1.4142135623730951,99.97727789138831,False
PD_DOMSIDE,2.0,1.0,0.0,1.0,1.0,1.0,1.0,1.0,,,0.0,0.0,99.97727789138831,True
Vital_WGTKG,5488.0,78.83015670553937,16.931219359634202,37.3,67.0,78.0,89.0,200.0,0.6981455121851331,2.050991389244138,162.7,0.21478099330537614,37.65053396955238,False
Vital_HTCM,5475.0,171.51068493150686,10.417255128314096,5.0,165.0,172.0,179.0,213.0,-1.4331754866948059,16.964232934432875,208.0,0.060738228247845014,37.79822767552829,False
Vital_TEMPC,5461.0,36.48943416956602,1.427534078138293,34.0,36.2,36.5,36.7,97.6,37.00500637236058,1517.273466140584,63.599999999999994,0.039121847477945455,37.95728243581004,False
Vital_BPARM,5486.0,1.4739336492890995,0.4993655978709197,1.0,1.0,1.0,2.0,2.0,0.10443593691609573,-1.9898186850068507,1.0,0.3387978815137108,37.67325607816405,False
Vital_SYSSUP,5494.0,130.40080087368037,17.244947370408177,76.0,119.0,129.0,141.0,205.0,0.5086265213324636,0.5697226015881536,129.0,0.13224571670471108,37.58236764371733,False
Vital_DIASUP,5494.0,77.58136148525665,10.27803126623221,42.0,71.0,78.0,84.0,121.0,0.1293889825424511,0.355541875525645,79.0,0.13248067666594662,37.58236764371733,False
Vital_HRSUP,5490.0,67.68670309653916,11.152686883747656,35.0,60.0,67.0,74.75,138.0,0.4956632549457499,0.6269172649993542,103.0,0.16476924378841395,37.627811860940696,False
Vital_SYSSTND,5472.0,127.22112573099415,17.740407794112997,56.0,115.0,126.0,138.0,212.0,0.3615236797721734,0.5434014054498797,156.0,0.13944545524321678,37.83231083844581,False
Vital_DIASTND,5472.0,79.65789473684211,10.960969779958225,38.0,73.0,80.0,86.0,133.0,0.12053909042647205,0.601122509952634,95.0,0.13760054563541874,37.83231083844581,False
Vital_HRSTND,5467.0,74.82165721602341,12.076829879518298,38.0,66.0,74.0,82.0,144.0,0.44332955498113685,0.4088012274654025,106.0,0.1614082115910684,37.88911610997501,False
Gait_AXIVITYUSED,86.0,0.9651162790697675,0.1845614463981577,0.0,1.0,1.0,1.0,1.0,-5.1602378013789725,25.214040326538516,1.0,0.19123234205110315,99.0229493296978,False
Gait_AXIVITYUP,86.0,0.9302325581395349,0.25624885305538925,0.0,1.0,1.0,1.0,1.0,-3.4378783375938053,10.052298479632814,1.0,0.2754675170345434,99.0229493296978,False
Gait_OPALUSED,86.0,0.9767441860465116,0.15159886590034527,0.0,1.0,1.0,1.0,1.0,-6.439299333757435,40.40391156462582,1.0,0.15520836270749636,99.0229493296978,False
Gait_RARMLEN,84.0,62.785714285714285,12.250469800257555,51.0,56.0,61.5,66.25,155.0,5.2697914129668195,38.701575066662954,104.0,0.19511555995859586,99.04567143830948,False
Gait_LARMLEN,84.0,62.92857142857143,12.576307533915015,51.0,56.0,61.0,66.25,158.0,5.340280839000673,39.41466454446252,107.0,0.1998505169975144,99.04567143830948,False
Gait_RLEGLEN,84.0,91.95238095238095,15.891882266541266,72.0,86.0,90.0,95.0,219.0,6.273574025057401,50.0156497540825,147.0,0.17282730585052647,99.04567143830948,False
Gait_LLEGLEN,84.0,91.94047619047619,16.18220887604223,73.0,86.0,90.0,95.0,222.0,6.369563220938564,51.122102958101046,149.0,0.17600745119610867,99.04567143830948,False
Gait_GAITASTCMPLT,86.0,0.9651162790697675,0.1845614463981577,0.0,1.0,1.0,1.0,1.0,-5.160237801378974,25.21404032653852,1.0,0.19123234205110315,99.0229493296978,False
Gait_GAITTUG1,82.0,11.053658536585365,3.8166026234947448,0.01,9.2625,11.16,13.05,21.59,-0.4784264075249464,2.5784562358079666,21.58,0.3452795842084831,99.06839354692116,False
Gait_GAITTUG2,82.0,10.720365853658535,3.0642041018964274,0.08,9.622499999999999,11.045,12.485,17.51,-1.1993497850916808,3.8335510281747385,17.430000000000003,0.2858301800260583,99.06839354692116,False
Gait_GAITASTUS,83.0,10.011927710843374,5.417999913979446,0.01,8.19,9.35,10.72,32.0,1.847624612207458,6.119708686075209,31.99,0.541154517936791,99.05703249261532,False
Gait_GAITASTDUAL,83.0,11.962409638554218,8.03519857091611,0.01,9.120000000000001,10.43,12.42,59.99,3.3926535050534645,16.614473028239647,59.980000000000004,0.6717040139654712,99.05703249261532,False
Gait_GAITASTSUBS,83.0,23.301204819277107,13.616466842114937,7.0,18.0,22.0,26.0,100.0,4.393388644222332,23.479759019821284,93.0,0.5843675014971768,99.05703249261532,False
Gait_GAITASTMIS,83.0,1.0,1.710797845536603,0.0,0.0,0.0,1.0,12.0,3.683574811771659,20.23014660493827,12.0,1.710797845536603,99.05703249261532,False
MDS-U_PDTRTMNT,5037.0,0.6094897756601152,0.4879131594213323,0.0,0.0,1.0,1.0,1.0,-0.448986730589503,-1.7991254373824435,1.0,0.8005272260603422,42.77436946148603,False
MDS-U_HRPOSTMED,2935.0,13.046325792163545,240.4434716038108,0.0,1.24165,2.4667,9.91665,8764.1667,34.46642020028958,1221.559578915384,8764.1667,18.429976028058142,66.65530561236082,False
MDS-U_HRDBSON,37.0,2.8945945945945946,3.627546627998502,-1.25,1.0,1.4,3.5,14.0,1.6543321060974303,1.821903622985853,15.25,1.2532140544906123,99.57964099068394,False
MDS-U_HRDBSOFF,1.0,0.0,,0.0,0.0,0.0,0.0,0.0,,,0.0,,99.98863894569416,False
MDS-U_PDMEDYN,5009.0,0.6112996606109004,0.4875036739456512,0.0,0.0,1.0,1.0,1.0,-0.45679293997232423,-1.7920559039055308,1.0,0.7974872314806555,43.092478982049535,False
MDS-U_DBSYN,5582.0,0.021318523826585452,0.14445685437017936,0.0,0.0,0.0,0.0,1.0,6.6297033627479145,41.96800345617208,1.0,6.776119000792783,36.582594864803454,False
MDS-U_ONOFFORDER,1643.0,1.3335362142422398,0.4716197467267352,1.0,1.0,1.0,2.0,2.0,0.7067840896120762,-1.5022864461521326,1.0,0.3536609967467028,81.33378777550556,False
MDS-U_OFFEXAM,19.0,0.8421052631578947,0.3746343246326776,0.0,1.0,1.0,1.0,1.0,-2.0412061364177503,2.4099264705882333,1.0,0.4448782605013047,99.78413996818904,False
MDS-U_OFFNORSN,3.0,4.0,3.605551275463989,1.0,2.0,3.0,5.5,8.0,1.1520696383139377,,7.0,0.9013878188659973,99.96591683708247,False
MDS-U_DBSOFFYN,0.0,,,,,,,,,,,,100.0,False
MDS-U_ONEXAM,1738.0,0.9378596087456847,0.24147984291325528,0.0,1.0,1.0,1.0,1.0,-3.630647179582679,11.194479651076666,1.0,0.25747973434554455,80.2544876164508,False
MDS-U_ONNORSN,108.0,2.4444444444444446,1.026138149353016,1.0,2.0,2.0,3.0,4.0,0.3374996954922265,-1.0516982377813187,3.0,0.4197837883716883,98.77300613496932,False
MDS-U_HIFUYN,1504.0,0.00997340425531915,0.09940072910975908,0.0,0.0,0.0,0.0,1.0,9.872746385970682,95.59824487028531,1.0,9.966579772071844,82.91297432401727,False
MDS-U_DBSONYN,42.0,0.9761904761904762,0.15430334996209188,0.0,1.0,1.0,1.0,1.0,-6.480740698407861,42.00000000000001,1.0,0.1580668463026307,99.52283571915473,False
MDS-U_NP3SPCH,5503.0,0.5131746320188988,1.505158634596248,0.0,0.0,0.0,1.0,101.0,54.19557835511227,3611.7525985444013,101.0,2.9330339823594733,37.48011815496478,False
MDS-U_NP3FACXP,5503.0,0.9829184081410139,1.5844341385827907,0.0,0.0,1.0,2.0,101.0,45.7903528407298,2886.224403662784,101.0,1.61196913747848,37.48011815496478,False
MDS-U_NP3RIGN,5503.0,1.569325822278757,9.558076913177997,0.0,0.0,0.0,1.0,101.0,10.231934842976115,103.54118494189908,101.0,6.090562442475512,37.48011815496478,False
MDS-U_NP3RIGRU,5503.0,1.7873886970743231,9.539365766768894,0.0,0.0,1.0,2.0,101.0,10.224242426066413,103.44076826812474,101.0,5.337040444746769,37.48011815496478,False
MDS-U_NP3RIGLU,5503.0,1.7286934399418499,9.919431335146804,0.0,0.0,1.0,1.0,101.0,9.838370924322762,95.55745970679348,101.0,5.738108970599481,37.48011815496478,False
MDS-U_NP3RIGRL,5502.0,1.49054889131225,9.845885777370134,0.0,0.0,0.0,1.0,101.0,9.947818058296921,97.63302086797192,101.0,6.605543658955064,37.49147920927062,False
MDS-U_NP3RIGLL,5501.0,1.4811852390474458,9.848795982456124,0.0,0.0,0.0,1.0,101.0,9.943622028276309,97.57027202855895,101.0,6.649266899790273,37.50284026357646,False
MDS-U_NP3FTAPR,5503.0,0.950208976921679,2.117948657916703,0.0,0.0,1.0,2.0,101.0,38.37937622410676,1809.2032075845104,101.0,2.2289293296071175,37.48011815496478,False
MDS-U_NP3FTAPL,5502.0,0.9676481279534714,2.1379544394155108,0.0,0.0,1.0,2.0,101.0,37.30599785943882,1741.4315542409133,101.0,2.2094337576378926,37.49147920927062,False
MDS-U_NP3HMOVR,5503.0,0.751771760857714,1.594868647388572,0.0,0.0,1.0,1.0,101.0,45.279327187913935,2837.5028145178876,101.0,2.1214798565577255,37.48011815496478,False
MDS-U_NP3HMOVL,5502.0,0.8013449654671029,1.615564072614933,0.0,0.0,1.0,1.0,101.0,43.51600606809594,2689.92021840029,101.0,2.0160656673911004,37.49147920927062,False
MDS-U_NP3PRSPR,5503.0,0.7497728511720879,2.095434670600327,0.0,0.0,0.0,1.0,101.0,39.8797992374923,1903.5450599437838,101.0,2.794759329208337,37.48011815496478,False
MDS-U_NP3PRSPL,5502.0,0.8382406397673573,2.5100428773645476,0.0,0.0,1.0,1.0,101.0,34.701046447716344,1381.3662720009852,101.0,2.9944180206547575,37.49147920927062,False
MDS-U_NP3TTAPR,5502.0,0.9638313340603417,3.9279505097852163,0.0,0.0,1.0,1.0,101.0,24.03703644496282,609.4783595254589,101.0,4.075350500629504,37.49147920927062,False
MDS-U_NP3TTAPL,5502.0,1.0979643765903309,3.935865531783172,0.0,0.0,1.0,2.0,101.0,23.79474795310518,601.3151755637932,101.0,3.584693288507037,37.49147920927062,False
MDS-U_NP3LGAGR,5503.0,0.5989460294384881,3.8946942137158396,0.0,0.0,0.0,1.0,101.0,24.92380445391817,639.8422520784484,101.0,6.502579568591707,37.48011815496478,False
MDS-U_NP3LGAGL,5503.0,0.7010721424677449,3.9072596841795124,0.0,0.0,0.0,1.0,101.0,24.609995280564355,629.036060654171,101.0,5.573263359782233,37.48011815496478,False
MDS-U_NP3RISNG,5503.0,0.35671451935308013,3.875956733910495,0.0,0.0,0.0,0.0,101.0,25.4707021816182,658.7107564296556,101.0,10.86571059944445,37.48011815496478,False
MDS-U_NP3GAIT,5503.0,0.7850263492640378,3.6402842754120606,0.0,0.0,1.0,1.0,101.0,26.556684564068856,728.5473996737023,101.0,4.637149159164947,37.48011815496478,False
MDS-U_NP3FRZGT,5503.0,0.2524077775758677,4.52000693224754,0.0,0.0,0.0,0.0,101.0,22.1489966668007,491.0009536954764,101.0,17.90755806202895,37.48011815496478,False
MDS-U_NP3PSTBL,5500.0,1.272909090909091,10.575505186854304,0.0,0.0,0.0,0.0,101.0,9.30407215842138,84.81344785516806,101.0,8.308138627010237,37.5142013178823,False
MDS-U_NP3POSTR,5503.0,0.7530437942940215,3.4031061814727925,0.0,0.0,0.0,1.0,101.0,27.893962456185438,819.0368791036626,101.0,4.519134487607331,37.48011815496478,False
MDS-U_NP3BRADY,5503.0,1.0318008359076867,2.0912235836102733,0.0,0.0,1.0,2.0,101.0,39.74749671614611,1897.3959048275194,101.0,2.02677058481989,37.48011815496478,False
MDS-U_NP3PTRMR,5503.0,0.37615845902235145,2.013194931724085,0.0,0.0,0.0,1.0,101.0,45.45276661517852,2268.1855409314744,101.0,5.351986332984366,37.48011815496478,False
MDS-U_NP3PTRML,5503.0,0.3385426131201163,1.9951911977609829,0.0,0.0,0.0,1.0,101.0,46.730374148107586,2354.779065486244,101.0,5.8934713694464245,37.48011815496478,False
MDS-U_NP3KTRMR,5502.0,0.3420574336604871,2.4092414296765496,0.0,0.0,0.0,1.0,101.0,39.80152539797521,1660.5147120256677,101.0,7.043382755621879,37.49147920927062,False
MDS-U_NP3KTRML,5502.0,0.42929843693202474,3.0835189166999957,0.0,0.0,0.0,1.0,101.0,31.552510654710325,1026.680031709121,101.0,7.182693090467136,37.49147920927062,False
MDS-U_NP3RTARU,5502.0,0.6623046165030898,2.8690299483407364,0.0,0.0,0.0,1.0,101.0,31.15624780574038,1085.9878223238175,101.0,4.331888796863538,37.49147920927062,False
MDS-U_NP3RTALU,5502.0,0.5398037077426391,3.1382952549809278,0.0,0.0,0.0,1.0,101.0,29.84992702121122,952.4568042547222,101.0,5.813771209732344,37.49147920927062,False
MDS-U_NP3RTARL,5502.0,0.3774990912395493,4.729492886221998,0.0,0.0,0.0,0.0,101.0,21.017508642259976,444.440062474319,101.0,12.528488136732513,37.49147920927062,False
MDS-U_NP3RTALL,5502.0,0.346782988004362,4.725713138953277,0.0,0.0,0.0,0.0,101.0,21.086752717156294,446.4213086074261,101.0,13.62729229062942,37.49147920927062,False
MDS-U_NP3RTALJ,5502.0,0.1261359505634315,2.7351244194641153,0.0,0.0,0.0,0.0,101.0,36.49615778696631,1343.7878603609827,101.0,21.683940282264498,37.49147920927062,False
MDS-U_NP3RTCON,5502.0,1.1986550345328972,3.2936584208131223,0.0,0.0,1.0,2.0,101.0,25.34412078566158,764.1281458152602,101.0,2.747795091935375,37.49147920927062,False
MDS-U_DYSKPRES,5502.0,0.05070883315158124,0.21942241923768233,0.0,0.0,0.0,0.0,1.0,4.096705769775405,14.788373667955103,1.0,4.327104482601176,37.49147920927062,False
MDS-U_DYSKIRAT,751.0,0.033288948069241014,0.17950961459215856,0.0,0.0,0.0,0.0,1.0,5.213729386380544,25.250211489835472,1.0,5.392468822348443,91.46784821631448,False
MDS-U_NP4WDYSK,3175.0,0.25291338582677164,1.8841619718659885,0.0,0.0,0.0,0.0,101.0,48.29715807731997,2577.458263218574,101.0,7.449830959744102,63.92865257895933,False
MDS-U_NP4WDYSKDEN,1675.0,0.49014925373134327,1.805439058169447,0.0,0.0,0.0,0.0,18.0,5.68774608937239,38.10783569756342,18.0,3.683447530370066,80.9702340377187,False
MDS-U_NP4WDYSKNUM,1673.0,16.527196652719667,1.9489618989179254,0.0,16.0,16.0,18.0,23.0,-3.350607069092981,23.593005561661155,23.0,0.11792453008642637,80.99295614633037,False
MDS-U_NP4WDYSKPCT,1663.0,3.0619362597714974,11.857573870814857,0.0,0.0,0.0,0.0,200.0,7.100665433486304,71.87771725970502,200.0,3.872573713111765,81.10656668938877,False
MDS-U_NP4DYSKI,3175.0,0.208503937007874,3.129628035825959,0.0,0.0,0.0,0.0,101.0,31.602246621301305,1015.7370843784087,101.0,15.00992298149157,63.92865257895933,False
MDS-U_NP4OFF,3175.0,0.6913385826771653,5.089418201938503,0.0,0.0,0.0,1.0,101.0,19.311175499200893,378.0519454531228,101.0,7.361686920799429,63.92865257895933,False
MDS-U_NP4OFFDEN,1670.0,1.1994011976047905,2.349942237755953,0.0,0.0,0.0,2.0,18.0,3.3955496583622815,15.32481916894534,18.0,1.9592628742148985,81.0270393092479,False
MDS-U_NP4OFFNUM,1670.0,16.539520958083834,1.8946001310410394,0.0,16.0,16.5,18.0,23.0,-3.201261190701986,23.051832450666296,23.0,0.11454987939750681,81.0270393092479,False
MDS-U_NP4OFFPCT,1661.0,7.526189042745334,16.763164414595096,0.0,0.0,0.0,11.0,367.0,8.020242152162547,134.482440366535,367.0,2.2273111025231946,81.12928879800046,False
MDS-U_NP4FLCTI,3175.0,0.5130708661417323,3.198003057155753,0.0,0.0,0.0,1.0,101.0,29.372060723221512,920.1446190354845,101.0,6.233063048784233,63.92865257895933,False
MDS-U_NP4FLCTX,3175.0,0.5748031496062992,4.059186577203258,0.0,0.0,0.0,1.0,101.0,23.880679113227348,588.2940810542343,101.0,7.061872538422107,63.92865257895933,False
MDS-U_NP4DYSTN,3175.0,0.30708661417322836,3.174984460375127,0.0,0.0,0.0,0.0,101.0,30.206610838193033,955.0353238272444,101.0,10.339051960708748,63.92865257895933,False
MDS-U_NP4DYSTNDEN,1668.0,0.18465227817745802,0.882791252173368,0.0,0.0,0.0,0.0,22.0,12.569229841449962,249.7049706504173,22.0,4.780830547484344,81.04976141785957,False
MDS-U_NP4DYSTNNUM,1668.0,1.2811750599520384,2.6378183639108475,0.0,0.0,0.0,2.0,20.0,3.6211000655945456,16.198800202890173,20.0,2.0589054894727625,81.04976141785957,False
MDS-U_NP4DYSTNPCT,634.0,16.244479495268138,52.42087403169481,0.0,0.0,0.0,6.75,1100.0,14.347193021331128,288.906194473833,1100.0,3.226996226438927,92.7970915700977,False
NP4TOT,3162.0,1.8165717900063252,2.8552338837491233,0.0,0.0,0.0,3.0,19.0,1.7605479586834065,2.9935697739019336,19.0,1.5717704631641238,64.07634628493524,False
MDS-U_NUPSOURC,5630.0,1.1394316163410303,0.5085075088052611,1.0,1.0,1.0,1.0,3.0,3.380070403274088,9.441478235139906,2.0,0.44628172635598123,36.03726425812315,False
MDS-U_NP1COG,5630.0,0.3660746003552398,0.6398447927403316,0.0,0.0,0.0,1.0,4.0,1.9524441996022688,4.318293674372649,4.0,1.7478535580437005,36.03726425812315,False
MDS-U_NP1HALL,5630.0,0.07229129662522202,0.3113239832381487,0.0,0.0,0.0,0.0,4.0,5.186090425753758,32.496824376097834,4.0,4.306520947495767,36.03726425812315,False
MDS-U_NP1DPRS,5630.0,0.3481349911190053,0.685309574238819,0.0,0.0,0.0,1.0,4.0,2.212717176907193,5.0292419202878484,4.0,1.968516787226812,36.03726425812315,False
MDS-U_NP1ANXS,5630.0,0.4685612788632327,0.7520842533726134,0.0,0.0,0.0,1.0,4.0,1.7977002231501888,3.282478706002521,4.0,1.6050926256587619,36.03726425812315,False
MDS-U_NP1APAT,5630.0,0.2817051509769094,0.6391079609174427,0.0,0.0,0.0,0.0,4.0,2.473261646905093,6.048273231630814,4.0,2.2687123707220698,36.03726425812315,False
MDS-U_NP1DDS,5629.0,0.2522650559602061,4.467520463737348,0.0,0.0,0.0,0.0,101.0,22.424289900506338,503.0293293899651,101.0,17.70962865519544,36.048625312428996,False
NP1RTOT,5618.0,1.5939836240655036,2.137888519495303,0.0,0.0,1.0,2.0,19.0,2.2200886207094483,7.1447438428281185,19.0,1.341223640706266,36.173596909793226,False
MDS-U_NP1SLPN,5632.0,1.1354758522727273,1.1258597949457636,0.0,0.0,1.0,2.0,4.0,0.657536099081975,-0.590076532593665,4.0,0.9915312533439469,36.01454214951148,False
MDS-U_NP1SLPD,5632.0,0.8687855113636364,0.85662175632187,0.0,0.0,1.0,2.0,4.0,0.49183376402587287,-0.819301725622489,4.0,0.9859991276527226,36.01454214951148,False
MDS-U_NP1PAIN,5631.0,0.8321790090570058,0.938651877423637,0.0,0.0,1.0,1.0,4.0,1.1384813371233073,0.8596498973863791,4.0,1.1279446696057405,36.025903203817315,False
MDS-U_NP1URIN,5632.0,0.7398792613636364,0.9032315469869917,0.0,0.0,1.0,1.0,4.0,1.2133963319865337,1.070403510413687,4.0,1.2207823548429895,36.01454214951148,False
MDS-U_NP1CNST,5632.0,0.5532670454545454,0.8106049761395178,0.0,0.0,0.0,1.0,4.0,1.4945291051918637,1.748515983526958,4.0,1.4651242700955598,36.01454214951148,False
MDS-U_NP1LTHD,5632.0,0.36949573863636365,0.6787328452666633,0.0,0.0,0.0,1.0,4.0,2.07003165813673,4.644967140593835,4.0,1.8369165711397635,36.01454214951148,False
MDS-U_NP1FATG,5632.0,0.7311789772727273,0.8812461281275001,0.0,0.0,1.0,1.0,4.0,1.251731246872066,1.4057371408746784,4.0,1.2052399693089073,36.01454214951148,False
NP1PTOT,5631.0,5.229444148463861,3.8686139301703086,0.0,2.0,5.0,7.0,25.0,0.9336737724563869,0.9271788687791473,25.0,0.7397753605049413,36.025903203817315,False
MDS_NUPSOURC,5632.0,1.0926846590909092,0.417946415006548,1.0,1.0,1.0,1.0,3.0,4.316826756537603,16.709967301792485,2.0,0.3824949966390767,36.01454214951148,False
MDS_NP2SPCH,5632.0,0.5413707386363636,0.8165357972582574,0.0,0.0,0.0,1.0,4.0,1.4272853672868429,1.2918236949040027,4.0,1.5082747163524124,36.01454214951148,False
MDS_NP2SALV,5631.0,0.6375421772331735,0.993873201305013,0.0,0.0,0.0,1.0,4.0,1.3806344264446773,0.7735428667550925,4.0,1.5589136480636567,36.025903203817315,False
MDS_NP2SWAL,5630.0,0.24227353463587922,0.538372777546273,0.0,0.0,0.0,0.0,4.0,2.6605141333253717,8.438327177401298,4.0,2.222169162452725,36.03726425812315,False
MDS_NP2EAT,5629.0,0.3965180316219577,0.6335462955205702,0.0,0.0,0.0,1.0,4.0,1.5712395580475487,2.280803459122246,4.0,1.5977742372245922,36.048625312428996,False
MDS_NP2DRES,5628.0,0.4987562189054726,0.6801393470908954,0.0,0.0,0.0,1.0,4.0,1.3233164543886378,1.781587671503773,4.0,1.363670910376758,36.05998636673483,False
MDS_NP2HYGN,5630.0,0.291651865008881,0.5283081927930793,0.0,0.0,0.0,1.0,4.0,2.041232936487341,6.064993170509142,4.0,1.8114343029385116,36.03726425812315,False
MDS_NP2HWRT,5630.0,0.9134991119005329,1.0302645431478128,0.0,0.0,1.0,2.0,4.0,0.9944138453484341,0.2629456741332157,4.0,1.1278221617581539,36.03726425812315,False
MDS_NP2HOBB,5629.0,0.539349795700835,0.8093420007037218,0.0,0.0,0.0,1.0,4.0,1.6749908469826345,2.8764408579718226,4.0,1.5005883142164853,36.048625312428996,False
MDS_NP2TURN,5629.0,0.42387635459228995,0.6440685326017526,0.0,0.0,0.0,1.0,4.0,1.829863944160995,4.8666406401403535,4.0,1.519472661364319,36.048625312428996,False
MDS_NP2TRMR,5629.0,0.9427962337893054,0.8186243148625494,0.0,0.0,1.0,1.0,4.0,0.6811470932231939,0.32415912714777795,4.0,0.8682940019523818,36.048625312428996,False
MDS_NP2RISE,5629.0,0.5359744181915083,0.7281482853302074,0.0,0.0,0.0,1.0,4.0,1.4274068986029043,2.315052768368433,4.0,1.3585504468424718,36.048625312428996,False
MDS_NP2WALK,5630.0,0.51101243339254,0.7294063454816263,0.0,0.0,0.0,1.0,4.0,1.6461112882280744,3.171479654141073,4.0,1.4273749478837525,36.03726425812315,False
MDS_NP2FREZ,5630.0,0.16163410301953818,0.512919421165077,0.0,0.0,0.0,0.0,4.0,3.974781173971645,18.531911675884768,4.0,3.1733366386366857,36.03726425812315,False
NP2PTOT,5626.0,6.628154994667614,6.062901399294927,0.0,2.0,5.0,10.0,43.0,1.3495421418385098,2.6563295005839906,43.0,0.9147193154313022,36.082708475346514,False
Roche_count,84.0,2679.0714285714284,2544.584936853275,66.0,188.0,1265.5,5058.0,6515.0,0.3846600497116565,-1.6334918362161406,6449.0,0.949801080223581,99.04567143830948,False
Epwor_PTCGBOTH,5614.0,1.0876380477377983,0.40460604777371484,1.0,1.0,1.0,1.0,3.0,4.457477907609995,18.0183929715571,2.0,0.37200431578801757,36.21904112701659,False
Epwor_ESS1,5615.0,1.0226179875333927,0.8853121553007984,0.0,0.0,1.0,1.0,3.0,0.630792653068828,-0.2662896164377613,3.0,0.8657310609568065,36.207680072710744,False
Epwor_ESS2,5615.0,1.16206589492431,0.8897668679920369,0.0,1.0,1.0,2.0,3.0,0.440957410870918,-0.49978047198226117,3.0,0.7656767760575153,36.207680072710744,False
Epwor_ESS3,5614.0,0.4315995724973281,0.6802335347714906,0.0,0.0,0.0,1.0,3.0,1.553002626045287,1.9748674924621934,3.0,1.5760755527062107,36.21904112701659,False
Epwor_ESS4,5615.0,0.7807658058771149,0.9031397068415683,0.0,0.0,1.0,1.0,3.0,0.9762349762299048,0.06637286722905378,3.0,1.1567357331011419,36.207680072710744,False
Epwor_ESS5,5614.0,1.7930174563591021,1.0120850273916995,0.0,1.0,2.0,3.0,3.0,-0.2561654844099125,-1.1039159744209266,3.0,0.5644591042893902,36.21904112701659,False
Epwor_ESS6,5614.0,0.10188813680085501,0.3580834591518274,0.0,0.0,0.0,0.0,3.0,4.044859786236414,18.82225651569493,3.0,3.5144764679691587,36.21904112701659,False
Epwor_ESS7,5615.0,0.6325912733748887,0.8082046979592603,0.0,0.0,0.0,1.0,3.0,1.1568609348555,0.6467923214467519,3.0,1.2776096224778284,36.207680072710744,False
Epwor_ESS8,5612.0,0.11368496079828938,0.38122694805380525,0.0,0.0,0.0,0.0,3.0,3.931018538081131,18.016454455312864,3.0,3.3533630603102744,36.24176323562827,False
REM_PTCGBOTH,5617.0,1.102723873954068,0.4376609034047197,1.0,1.0,1.0,1.0,3.0,4.065562393448923,14.62465560180015,2.0,0.39689074821186804,36.18495796409907,False
REM_DRMVIVID,5618.0,0.5603417586329654,0.4963896973909523,0.0,0.0,1.0,1.0,1.0,-0.2432091084102667,-1.941540642091488,1.0,0.8858695425484022,36.173596909793226,False
REM_DRMAGRAC,5617.0,0.24408047000178032,0.4295789190061355,0.0,0.0,0.0,0.0,1.0,1.1919145672031688,-0.5795461456381652,1.0,1.7599889044912203,36.18495796409907,False
REM_DRMNOCTB,5608.0,0.2606990014265335,0.4390551287529315,0.0,0.0,0.0,1.0,1.0,1.0904615665212682,-0.8111829941021456,1.0,1.6841458016733515,36.287207452851625,False
REM_SLPLMBMV,5615.0,0.2860195903829029,0.4519388895175985,0.0,0.0,0.0,1.0,1.0,0.947281409768043,-1.1030509519987801,1.0,1.5800976741228616,36.207680072710744,False
REM_SLPINJUR,5615.0,0.1244879786286732,0.33016683040438805,0.0,0.0,0.0,0.0,1.0,2.2754909797472815,3.1789913931561617,1.0,2.6521985017462644,36.207680072710744,False
REM_DRMVERBL,5616.0,0.3198005698005698,0.4664406777948546,0.0,0.0,0.0,1.0,1.0,0.7729327017526902,-1.4030748359664706,1.0,1.4585361060667612,36.19631901840491,False
REM_DRMFIGHT,5614.0,0.2581047381546135,0.43763089145073203,0.0,0.0,0.0,1.0,1.0,1.1058701431249134,-0.7773282784306987,1.0,1.6955554345095993,36.21904112701659,False
REM_DRMUMV,5615.0,0.12146037399821906,0.32669061661375043,0.0,0.0,0.0,0.0,1.0,2.3182453756220536,3.3754637971082726,1.0,2.689688874319954,36.207680072710744,False
REM_DRMOBJFL,5615.0,0.06963490650044524,0.25455338606123773,0.0,0.0,0.0,0.0,1.0,3.3825394821790593,9.444937402551677,1.0,3.655542871442071,36.207680072710744,False
REM_MVAWAKEN,5617.0,0.20972049136549759,0.4071453285801752,0.0,0.0,0.0,0.0,1.0,1.4264336714912111,0.03472525670476445,1.0,1.9413712314387472,36.18495796409907,False
REM_DRMREMEM,5616.0,0.3790954415954416,0.4852051194972504,0.0,0.0,0.0,1.0,1.0,0.4985422703207013,-1.7520796915950483,1.0,1.279902278579877,36.19631901840491,False
REM_SLPDSTRB,5616.0,0.32834757834757833,0.4696538323772297,0.0,0.0,0.0,1.0,1.0,0.731234630155901,-1.4658180575194841,1.0,1.4303557064156844,36.19631901840491,False
REM_STROKE,5616.0,0.013354700854700854,0.11479851677744153,0.0,0.0,0.0,0.0,1.0,8.481271035242761,69.95687166381478,1.0,8.596112936294823,36.19631901840491,False
REM_HETRA,5616.0,0.0957977207977208,0.29433984459449,0.0,0.0,0.0,0.0,1.0,2.7474790422703217,5.550617676688978,1.0,3.072514065506795,36.19631901840491,False
REM_PARKISM,5616.0,0.6401353276353277,0.48000324597281013,0.0,0.0,1.0,1.0,1.0,-0.5841012632058767,-1.6594168016060769,1.0,0.749846517213714,36.19631901840491,False
REM_RLS,5616.0,0.07763532763532764,0.26762069526896026,0.0,0.0,0.0,0.0,1.0,3.1575670207044295,7.973068775529573,1.0,3.447150973923121,36.19631901840491,False
REM_NARCLPSY,5616.0,0.00641025641025641,0.07981415498250251,0.0,0.0,0.0,0.0,1.0,12.372882633241177,151.14205004892642,1.0,12.451008177270392,36.19631901840491,False
REM_DEPRS,5616.0,0.1762820512820513,0.381093886299255,0.0,0.0,0.0,0.0,1.0,1.6994934088429388,0.8885941707883216,1.0,2.16184168227941,36.19631901840491,False
REM_EPILEPSY,5616.0,0.005341880341880342,0.07289918335049397,0.0,0.0,0.0,0.0,1.0,13.575854213222511,182.368763636839,1.0,13.646727123212472,36.19631901840491,False
REM_BRNINFM,5616.0,0.004273504273504274,0.06523802012137056,0.0,0.0,0.0,0.0,1.0,15.202886245529209,229.2093773439644,1.0,15.265696708400709,36.19631901840491,False
REM_CNSOTH,5605.0,0.04424620874219447,0.20565998122786708,0.0,0.0,0.0,0.0,1.0,4.433691674927456,17.663924658292498,1.0,4.648081430573367,36.32129061576914,False
Inclu_EXFAMPD,126.0,0.0,0.0,0.0,0.0,0.0,0.0,0.0,0.0,0.0,0.0,,98.56850715746421,True
Inclu_EXNEURCURR,126.0,0.0,0.0,0.0,0.0,0.0,0.0,0.0,0.0,0.0,0.0,,98.56850715746421,True
Inclu_INAGE30,986.0,1.0,0.0,1.0,1.0,1.0,1.0,1.0,0.0,0.0,0.0,0.0,88.79800045444217,True
Inclu_INLRRK2,0.0,,,,,,,,,,,,100.0,False
Inclu_INLRRK2GBA,16.0,1.0,0.0,1.0,1.0,1.0,1.0,1.0,0.0,0.0,0.0,0.0,99.81822313110656,True
Inclu_INLRRK2GBACORE,0.0,,,,,,,,,,,,100.0,False
Inclu_INHY1OR2,635.0,0.9968503937007874,0.05607707611790296,0.0,1.0,1.0,1.0,1.0,-17.776255670716488,314.98734679514547,1.0,0.056254254873409765,92.78573051579187,False
Inclu_EX60DYPDRX,618.0,0.0048543689320388345,0.06956028707831764,0.0,0.0,0.0,0.0,1.0,14.28266810325134,202.65042772416953,1.0,14.329419138133435,92.97886843899114,False
Inclu_EX90DYPDRX,618.0,0.003236245954692557,0.05684189320814007,0.0,0.0,0.0,0.0,1.0,17.535539203513125,306.48699717490285,1.0,17.564145001315282,92.97886843899114,False
Inclu_EXABCOND,986.0,0.0,0.0,0.0,0.0,0.0,0.0,0.0,0.0,0.0,0.0,,88.79800045444217,True
Inclu_EXANTCOAG,986.0,0.0,0.0,0.0,0.0,0.0,0.0,0.0,0.0,0.0,0.0,,88.79800045444217,True
Inclu_EXATYPPD,819.0,0.0,0.0,0.0,0.0,0.0,0.0,0.0,0.0,0.0,0.0,,90.69529652351737,True
Inclu_EXCURPDRX,617.0,0.0032414910858995136,0.05688786272172457,0.0,0.0,0.0,0.0,1.0,17.521276416296658,305.9869760063454,1.0,17.549905649652032,92.99022949329698,False
Inclu_EXDARX6MO,986.0,0.0010141987829614604,0.03184648776492411,0.0,0.0,0.0,0.0,1.0,31.40063693621513,985.9999999999993,1.0,31.40063693621517,88.79800045444217,False
Inclu_EXMEDDBS,0.0,,,,,,,,,,,,100.0,False
Inclu_EXDEMNTDX,819.0,0.0,0.0,0.0,0.0,0.0,0.0,0.0,0.0,0.0,0.0,,90.69529652351737,True
Inclu_EXNEURMRI,945.0,0.0,0.0,0.0,0.0,0.0,0.0,0.0,0.0,0.0,0.0,,89.2638036809816,True
Inclu_EXUNSAFLP,986.0,0.0010141987829614604,0.0318464877649241,0.0,0.0,0.0,0.0,1.0,31.400636936215136,985.9999999999999,1.0,31.400636936215164,88.79800045444217,False
Inclu_EXOTHRSN,545.0,0.0,0.0,0.0,0.0,0.0,0.0,0.0,0.0,0.0,0.0,,93.80822540331742,True
Inclu_IN2CARDPD,860.0,1.0,0.0,1.0,1.0,1.0,1.0,1.0,0.0,0.0,0.0,0.0,90.22949329697796,True
Inclu_IN2YRPD,635.0,0.984251968503937,0.12459726721916822,0.0,1.0,1.0,1.0,1.0,-7.797634753366304,58.98889051532785,1.0,0.1265908234946749,92.78573051579187,False
Inclu_IN7YRPD,0.0,,,,,,,,,,,,100.0,False
Inclu_INCNST,986.0,1.0,0.0,1.0,1.0,1.0,1.0,1.0,0.0,0.0,0.0,0.0,88.79800045444217,True
Inclu_INHOLDRX,986.0,1.0,0.0,1.0,1.0,1.0,1.0,1.0,0.0,0.0,0.0,0.0,88.79800045444217,True
Inclu_INNOMED6MO,618.0,0.9983818770226537,0.040225899335456484,0.0,1.0,1.0,1.0,1.0,-24.85960578931211,618.0,1.0,0.04029109528251557,92.97886843899114,False
Inclu_INPREGNT,986.0,0.9989858012170385,0.0318464877649241,0.0,1.0,1.0,1.0,1.0,-31.400636936215133,985.9999999999995,1.0,0.031878819224583924,88.79800045444217,False
Inclu_EXPDDEMDX,0.0,,,,,,,,,,,,100.0,False
Inclu_INAGE4030,0.0,,,,,,,,,,,,100.0,False
Inclu_INAGE6030,0.0,,,,,,,,,,,,100.0,False
Inclu_INDATSCN,575.0,1.0,0.0,1.0,1.0,1.0,1.0,1.0,0.0,0.0,0.0,0.0,93.46739377414224,True
Inclu_INPRESCRN,0.0,,,,,,,,,,,,100.0,False
Inclu_INSAA,4.0,1.0,0.0,1.0,1.0,1.0,1.0,1.0,0.0,0.0,0.0,0.0,99.95455578277664,True
Inclu_INHY1TO3,212.0,1.0,0.0,1.0,1.0,1.0,1.0,1.0,0.0,0.0,0.0,0.0,97.591456487162,True
Inclu_INPDSC,25.0,1.0,0.0,1.0,1.0,1.0,1.0,1.0,0.0,0.0,0.0,0.0,99.715973642354,True
Inclu_INPDDXSC,0.0,,,,,,,,,,,,100.0,False
Inclu_INSNCAPARK,25.0,1.0,0.0,1.0,1.0,1.0,1.0,1.0,0.0,0.0,0.0,0.0,99.715973642354,True
Inclu_INSNCAPARKCORE,0.0,,,,,,,,,,,,100.0,False
Inclu_INUPSIT,203.0,1.0,0.0,1.0,1.0,1.0,1.0,1.0,0.0,0.0,0.0,0.0,97.69370597591457,True
Age_AGE_AT_VISIT,5755.0,63.977445699391836,10.035959783798788,29.7,57.9,65.0,71.1,89.4,-0.5371408344108878,0.3012378407834797,59.7,0.15686715332391254,34.61713246989321,False
Demog_AFICBERB,0.0,,,,,,,,,,,,100.0,False
Demog_ASHKJEW,0.0,,,,,,,,,,,,100.0,False
Demog_BASQUE,0.0,,,,,,,,,,,,100.0,False
Demog_SEX,0.0,,,,,,,,,,,,100.0,False
Demog_CHLDBEAR,0.0,,,,,,,,,,,,100.0,False
Demog_HOWLIVE,0.0,,,,,,,,,,,,100.0,False
Demog_GAYLES,0.0,,,,,,,,,,,,100.0,False
Demog_HETERO,0.0,,,,,,,,,,,,100.0,False
Demog_BISEXUAL,0.0,,,,,,,,,,,,100.0,False
Demog_PANSEXUAL,0.0,,,,,,,,,,,,100.0,False
Demog_ASEXUAL,0.0,,,,,,,,,,,,100.0,False
Demog_OTHSEXUALITY,0.0,,,,,,,,,,,,100.0,False
Demog_HANDED,0.0,,,,,,,,,,,,100.0,False
Demog_HISPLAT,0.0,,,,,,,,,,,,100.0,False
Demog_RAASIAN,0.0,,,,,,,,,,,,100.0,False
Demog_RABLACK,0.0,,,,,,,,,,,,100.0,False
Demog_RAHAWOPI,0.0,,,,,,,,,,,,100.0,False
Demog_RAINDALS,0.0,,,,,,,,,,,,100.0,False
Demog_RANOS,0.0,,,,,,,,,,,,100.0,False
Demog_RAWHITE,0.0,,,,,,,,,,,,100.0,False
Demog_RAUNKNOWN,0.0,,,,,,,,,,,,100.0,False
TARGET_NHY,4756.0,1.462573591253154,0.860677123113486,0.0,1.0,2.0,2.0,5.0,-0.4780897095010725,-0.24021712982544585,5.0,0.5884675672121534,45.96682572142694,False
TARGET_TOTAL_UPDRS,2436.0,43.820197044334975,20.775353095049702,0.0,29.0,41.0,56.0,165.0,0.9082154108893199,1.453905820063969,165.0,0.47410451107808327,72.32447171097478,False
TARGET_UPDRS_DELTA_12,154.0,3.688311688311688,12.99347220748906,-23.0,-4.75,2.0,12.0,57.0,0.6521582216603397,1.1676012055810654,80.0,3.5228780280868226,98.2503976369007,False
TARGET_UPDRS_DELTA_24,128.0,7.359375,17.292633894461364,-74.0,-2.0,8.5,16.25,60.0,-0.6874797788421854,3.5924354268433554,134.0,2.3497421852346654,98.54578504885254,False
TARGET_UPDRS_DELTA_36,110.0,10.3,18.819543813753782,-55.0,-1.0,10.0,20.0,66.0,-0.020824517529842716,1.6757614079165841,121.0,1.8271401760926,98.75028402635765,False
